No.Cuenta,Apellido P,Apellido M,Primer Nombre,Edad,Direccion,Promedio,Semestre,Creditos,Asignaturas inscritas en Ordi,Asignaturas aprobadas en Ordi,No. Inscripción,Velocidad,Escolaridad,Turno
23369645,Fernandez,Perrer,Jose,25,José María Parras 300 Gral. Fco. Leyva y Gral. F.Arce. 9100 N JUAN ESCUTIA IZTAPALAPA CIUDAD DE MEXICO CIUDAD DE MEXICO ,7.15,8,60 de 80,40,30,4.0218754,0.75,0.75,1
40959860,Ocampo,Arroyave,Alvaro,24,San Ignacio 704 Calzada la salle y san Ignacio 35113 N JERUSALEN GOMEZ PALACIO GOMEZ PALACIO DURANGO,7.09,7,60 de 70,34,30,5.3608503,0.85714287,0.88235295,1
28446240,Chaves,Gallon,Julio,27,AV. CENTRAL 317 CALLE DURANGO Y CALLE GUANAJUATO 35025 N CHAPALA ORIENTE GOMEZ PALACIO GOMEZ PALACIO DURANGO,7.34,10,82 de 100,50,41,4.935416,0.82,0.82,1
195355,Fernandez,Gallon,Oscar,26,Av. Solidaridad y Canal 1000 Av. Solidaridad y Canal 33029 N OBRERA DELICIAS CIUDAD DELICIAS CHIHUAHUA,7.09,9,68 de 90,44,34,4.139945,0.75555557,0.77272725,1
1507078,Zidan,Caballero,Javier,21,CARR. JUAREZ CASAS GRANDES 6120 CORDILLERA DE LOS ANDES Y CARR. JUAREZ CASAS GRAND 32650 S LA CUESTA 1 JUAREZ CIUDAD JUAREZ CHIHUAHUA,7.5,4,26 de 40,16,13,3.9609373,0.65,0.8125,2
37101372,Lizarraga,Alfa,Rosa,21,CAMBOYA SN NIGERIA Y MONGOLIA 32697 S OASIS JUAREZ CIUDAD JUAREZ CHIHUAHUA,7.22,4,22 de 40,18,11,2.4274693,0.55,0.6111111,2
8701824,Spencer,Ramirez,Angeles,24,LAUREANO RONCAL NA ESQ. ELORREAGA 34000 N DURANGO CENTRO DURANGO DURANGO DURANGO,7.79,7,62 de 70,34,31,6.294241,0.8857143,0.9117647,2
30485995,Silverio,Alfa,Ivan,22,GABINO BARREDA SN ESQ. DOLORES DEL RIO 34000 N DURANGO CENTRO DURANGO DURANGO DURANGO,7.22,5,34 de 50,23,17,3.627524,0.68,0.73913044,2
4655481,Garcia,Arroyave,Tania,23,MARIANO BALLEZA 119 ESQ 5 DE FEBRERO 34070 N SILVESTRE DORADOR DURANGO DURANGO DURANGO,7.64,6,48 de 60,25,24,5.86752,0.8,0.96,2
26963750,Gonzales,Orihuela,Luis,27,Blvd. Las Torres esq Vasco de Quiroga s/n Nicolas Calvo y Vasco de Quiroga 37236 N PRESIDENTES DE MEXICO LEON LEON GUANAJUATO,7.47,10,76 de 100,49,38,4.4023657,0.76,0.7755102,2
32689156,Gomez,Tesafaye,Ezra,18,Pro.Blvd. Adolfo Lopez Mateos Nte. S/N BLVD JOSE MA MORELOS Y HDA DE LOS CARCAMOS 37170 N TORRES DEL LAGO LEON LEON GUANAJUATO,9,1,10 de 10,5,5,9.0,1.0,1.0,2
3340638,Cruz,Ramirez,Ezra,26,BLVD. TORRES LANDA OTE. 2701 MALINALCO 37520 N AZTECA LEON LEON GUANAJUATO,7.29,9,66 de 90,41,33,4.304462,0.73333335,0.80487806,3
2655678,Fernandez,Alfa,Sebastian,20,MIRAVALLES 122 ESQUINA PROLONGACION LIBERTAD 34217 N LA FORESTAL DURANGO DURANGO DURANGO ,7.55,3,18 de 30,11,9,3.7041323,0.6,0.8181818,3
12676969,Spencer,Calvo,Paola,25,VOLCAN DE JORULLO 101 JEREZ DE CARTAGENA Y SIERRA GORDA 37530 N CERRITO DE JEREZ LEON LEON GUANAJUATO,7.17,8,56 de 80,36,28,3.901852,0.7,0.7777778,3
19394110,Martí=inez,Orihuela,Angeles,27,ACOALTO 103 BLVD. SAN PEDRO Y CORSA 37530 N JARDINES DE JEREZ 3RA SECC LEON LEON GUANAJUATO,8.1,10,88 de 100,50,44,6.27264,0.88,0.88,3
25039003,Silverio,Maldonado,Angeles,25,CONSTELACIONES DE SAN JUAN S/N COLUMBA Y PROL VICENTE VALTIERRA CAM DUARTE 37670 N DUARTE LEON LEON GUANAJUATO,7.69,8,72 de 80,39,36,6.3905325,0.9,0.9230769,3
35112660,De la Merced,Ibañez,Ivan,23,ORENSE 709 OVIEDO Y ASTURIAS 37330 N VISTA HERMOSA SUR LEON LEON GUANAJUATO ,7.77,6,40 de 60,26,20,3.9842212,0.6666667,0.7692308,3
21058457,Cruz,Gallon,Javier,26,BLVD. EPSILON 835 BLVD. ATOTONILCO 37549 N DIEZ DE MAYO LEON LEON GUANAJUATO ,7.59,9,76 de 90,44,38,5.5359964,0.84444445,0.8636364,3
1015617,Silverio,Tesafaye,Raul,24,ALFREDO VALADEZ 105 ESQ MAR TIRRENO 37550 N EL GRANJENO LEON LEON GUANAJUATO,7.12,7,46 de 70,33,23,3.2615767,0.6571429,0.6969697,3
19536116,Vega,Ibañez,Mauricio,23,REPUBLICA DE COSTA RICA 307 COAHUILA Y TLAXCALA 37360 N BELLAVISTA LEON LEON GUANAJUATO,7.61,6,48 de 60,28,24,5.2163267,0.8,0.85714287,3
24543485,Ruiz,Pastor,Thiago,24,Blvd Torres Landa 512 Independencia y Centenario 37390 N SAN MIGUEL LEON LEON GUANAJUATO,7.71,7,54 de 70,31,27,5.1800504,0.7714286,0.87096775,3
17261927,Gonzales,Codoño,Javier,22,SIERRA DE LOS AGUSTINOS 140 MONTERROSA 37407 N LAS HILAMAS INFONAVIT LEON LEON GUANAJUATO,7.81,5,32 de 50,21,16,3.8080723,0.64,0.7619048,3
29513562,Ruiz,Llanos,Angeles,23,AV. TRASVIÑA Y RETES Y AV. ZARAGOZA S/N AV. TRASVIÑA Y RETES Y AV. ZARAGOZA 32880 N OJINAGA OJINAGA OJINAGA CHIHUAHUA,7.74,6,52 de 60,27,26,6.460174,0.8666667,0.962963,3
22082270,Ruiz,Codoño,Sebastian,18,Culiacan MZ 18-W . LT 1 Y Toluca y Zacatecas 54150 N VALLE CEYLAN TLALNEPANTLA TLALNEPANTLA DE BAZ MEXICO,7.4,1,6 de 10,5,3,2.664,0.6,0.6,3
5827850,Lizarraga,Crespo,Ivan,21,MIGUEL PONCE DE LEON 7 PONCE DE LEON Y BENITO JUAREZ 49900 N TECALITLAN TECALITLAN TECALITLAN JALISCO,7.3,4,28 de 40,20,14,3.5770001,0.7,0.7,3
40193987,Esquivel,Gallon,Julio,23,AV LOPEZ MATEOS 995 ESQUINA FLORENCIA 44658 N ITALIA GUADALAJARA GUADALAJARA JALISCO,7.33,6,46 de 60,30,23,4.3103704,0.76666665,0.76666665,3
9148844,Zidan,Arroyave,Andres,27,Carretera Santa Cecilia-Tenayuca LT1274C Somasca y Aut. Mexico-Queretaro 54120 N SAN RAFAEL TLALNEPANTLA TLALNEPANTLA DE BAZ MEXICO,7.74,10,86 de 100,46,43,6.221588,0.86,0.9347826,3
31379880,Hernandez,Orihuela,Ernesto,20,VIADUCTO TLALPAN 104 ESQ SAN JUAN DE DIOS 14370 N SAN LORENZO HUIPULCO TLALPAN CIUDAD DE MEXICO CIUDAD DE MEXICO,7.92,3,22 de 30,12,11,5.3217597,0.73333335,0.9166667,3
26792817,Pilar,Calvo,Ezra,18,Av. Tlahuac 7260 Mar de la Tranquilidad y Monte de las Cordilleras. 13460 N EL TRIANGULO TLAHUAC CIUDAD DE MEXICO CIUDAD DE MEXICO,7,1,10 de 10,5,5,7.0,1.0,1.0,3
29407706,Rodriguez,Crespo,Paulina,20,Av. Octavio Senties 39 Bugambilia y Cda Magnolia 7183 N 6 DE JUNIO IZTAPALAPA CIUDAD DE MEXICO CIUDAD DE MEXICO,7.45,3,18 de 30,11,9,3.6595042,0.6,0.8181818,3
28048431,Perez,Arroyave,Ivan,21,Circuito interior S2 Manz 55 42 Eje Central Esq. Vicente Guerrero 39715 N RENACIMIENTO ACAPULCO DE JUAREZ ACAPULCO DE JUAREZ GUERRERO,7.21,4,30 de 40,19,15,4.269391,0.75,0.7894737,3
11867722,Barquín,Pastor,Paulina,26,BOULEVARD VICENTE GUERRERO LOTE 23 JOSE MARTIN Y GERVASIO ARTIGAS 39770 N LAS CRUCES ACAPULCO DE JUAREZ ACAPULCO DE JUAREZ GUERRERO ,7.71,9,72 de 90,42,36,5.2897964,0.8,0.85714287,3
38862598,Ackerman,Beltran,Zoe,24,AVENIDA MARIANO J. GARCIA 325 SAN ROQUE E HIDRA 36595 N LAS CARMELITAS IRAPUATO IRAPUATO GUANAJUATO,7.66,7,54 de 70,32,27,4.9833984,0.7714286,0.84375,3
37328973,Chaves,Caballero,Julio,19,AV. MIGUEL HIDALGO LOTE 7 MARIANO ABASOLO Y DILIGENCIAS 14700 N SAN MIGUEL AJUSCO TLALPAN CIUDAD DE MEXICO CIUDAD DE MEXICO,7.8,2,18 de 20,10,9,6.318,0.9,0.9,3
19312143,Hernandez,Ibañez,Arturo,18,FERROCARRIL DE CINTURA 6 ESQUINA MIGUEL NEGRETE 15100 N ZONA CENTRO VENUSTIANO CARRANZA CIUDAD DE MEXICO CIUDAD DE MEXICO ,7.2,1,6 de 10,5,3,2.5920002,0.6,0.6,3
1449455,Ruiz,Llanos,Javier,25,CANAL DEL NORTE 156 ESQUINA CON CALLE EL CATORCE 15220 N POPULAR RASTRO VENUSTIANO CARRANZA CIUDAD DE MEXICO CIUDAD DE MEXICO,7.41,8,58 de 80,37,29,4.2080717,0.725,0.7837838,3
11564713,Silverio,Tesafaye,Arturo,23,MANCHURIA 81 ESQUINA CIRCUITO INTERIOR 15430 N AQUILES SERDAN VENUSTIANO CARRANZA CIUDAD DE MEXICO CIUDAD DE MEXICO,7.77,6,44 de 60,26,22,4.8209076,0.73333335,0.84615386,3
32859940,Barquín,Arroyave,Raul,25,16 de septiembre 30 Zaragoza Norte y Guillermo Prieto 43909 N INDEPENDENCIA APAN APAN HIDALGO,7.21,8,58 de 80,39,29,3.884303,0.725,0.74358976,3
20336920,Pilar,Montoya,Thiago,20,Av. Carlos Lazo 16 Raul Castellanos y Pipila 43977 N EL CALVARIO TEPEAPULCO TEPEAPULCO HIDALGO ,7.53,3,22 de 30,15,11,4.0512595,0.73333335,0.73333335,3
32267799,Cruz,Gallon,Paola,21,20 DE NOVIEMBRE 5-A INDEPENDENCIA-JUAN N ALVAREZ 40833 N ARROYO SECO PETATLAN PETATLAN GUERRERO,7.73,4,28 de 40,15,14,5.0524445,0.7,0.93333334,3
27054716,Japon,Perrer,Ezra,24,Tierra y Libertad 804 Otilio Montaño y Hermanos Serdan,7.62,7,56 de 70,32,28,5.3375,0.8,0.875,3
27016593,Perez,Perrer,Mauricio,26,38030 N EMILIANO ZAPATA CELAYA CELAYA GUANAJUATO,7.59,9,64 de 90,41,32,4.2099805,0.7111111,0.7804878,3
7167996,Sanchez,Maldonado,Tania,25,Blvd. Del Minero 500 Guadalajara y Zacatecas 42030 N VENUSTIANO CARRANZA PACHUCA DE SOTO PACHUCA DE SOTO HIDALGO MANUEL J CLOUTHIER 1021,7.43,8,56 de 80,35,28,4.16,0.7,0.8,3
38486753,Ackerman,Pastor,Thiago,24,MANUEL DOBLADO 52179 N PILARES METEPEC METEPEC MEXICO,7.6,7,58 de 70,35,29,5.217633,0.82857144,0.82857144,3
30284359,Garcia,Perez,Arturo,25,16 DE SEPTIEMBRE 37 ESQ. LOPEZ MATEOS Y ABASOLO 70117 N EL ESPINAL EL ESPINAL EL ESPINAL OAXACA,7.6,8,58 de 80,35,29,4.5654287,0.725,0.82857144,3
24993486,Cruz,Esteban,Pablo,24,ZARAGOZA SN ALLENDE 66600 N APODACA CENTRO APODACA APODACA NUEVO LEON,7.12,7,48 de 70,32,24,3.664286,0.6857143,0.75,3
1460119,Spencer,Orihuela,Andres,20,AVENIDA JUAREZ S/N GUERRERO Y JUAN DE LA BARRERA 70980 N SANTA MARIA HUATULCO SANTA MARIA HUATULCO SANTA MARIA HUATULCO OAXACA ,5.9,3,8 de 30,10,4,0.6293334,0.26666668,0.4,3
7691594,Zidan,Esteban,Julio,20,JARDINES DE SAN ANDRES S/N JARDINES DE LOS GERANIOS Y JARDIN DE LOS FRAMBOYANES 66640 N SAN ANDRES APODACA APODACA NUEVO LEON,7.64,3,28 de 30,14,14,7.133333,0.93333334,1.0,3
17056535,Garcia,Arroyave,Luis,21,VALERIO GONZALEZ 234 GABRIELA MISTRAL 23400 S SAN JOSE DEL CABO CENTRO LOS CABOS SAN JOSE DEL CABO BAJA CALIFORNIA SUR,6.74,4,24 de 40,19,12,2.5529087,0.6,0.6315789,3
6923631,Zidan,Gallon,Jose,23,AVENIDA DEL PIPILA MZ. 14 LT 8 CALLE MATAMOROS Y ANDRES QUINTANA ROO 56618 N DARIO MARTINEZ II VALLE DE CHALCO SOLIDARIDAD VALLE DE CHALCO SOLIDARIDAD MEXICO,7.25,6,52 de 60,28,26,5.8345237,0.8666667,0.9285714,4
25858242,Esquivel,Trasmiera,Thiago,27,HIDALGO 2 CARRETERA EL SALTO-EL VERDE Y PABLO VALDEZ 45685 N SAN JOSE DEL CASTILLO EL SALTO EL SALTO JALISCO,7.27,10,80 de 100,48,40,4.8472223,0.8,0.8333333,4
32786890,Pilar,Calvo,Rosa,21,Hidalgo 746 Bosque 45520 N LINDAVISTA TLAQUEPAQUE TLAQUEPAQUE JALISCO,6.8,4,22 de 40,15,11,2.7426667,0.55,0.73333335,4
27919572,Ackerman,Ibañez,Raul,23,AV. SANTA MARGARITA 3398 LOC 1 MIMOSAS Y AZALEAS 45130 N LOS GIRASOLES ZAPOPAN ZAPOPAN JALISCO,7.65,6,42 de 60,26,21,4.327367,0.7,0.8076923,4
31440975,Garcia,Codoño,Julio,27,AV. VENUSTIANO CARRANZA 907 LI . MANUEL AGUIRRE BERLANGA 45180 N CONSTITUCION ZAPOPAN ZAPOPAN JALISCO,7.72,10,80 de 100,47,40,5.258488,0.8,0.85106385,4
1496324,Gonzales,Perrer,Ezra,25,PASEO MALECON SAN JOSE 0 y calle punta arena 23405 S *ZONA HOTELERA SAN JOSÉ DEL CABO LOS CABOS SAN JOSE DEL CABO BAJA CALIFORNIA SUR ,7.38,8,64 de 80,39,32,4.8473372,0.8,0.82051283,4
18383056,Sanchez,Pastor,Ezra,19,BLV. UNIVERSITARIO 23 HACIENDA DEL PEDREGAL Y EL VALLE 52916 N EXHACIENDA DEL PEDREGAL I Y II ATIZAPAN DE ZARAGOZA CIUDAD ADOLFO LOPEZ MATEOS MEXICO,8.44,2,16 de 20,9,8,6.0049386,0.8,0.8888889,4
11099471,Ruiz,Perez,Andres,21,otilio montaño s/n felipe neri 62010 N ALTAVISTA CUERNAVACA CUERNAVACA MORELOS,7.82,4,32 de 40,17,16,5.8906574,0.8,0.9411765,4
38316137,De la Merced,Lopez,Ingrid,22,5 de Mayo S/N Hidalgo 54770 N TEOLOYUCAN TEOLOYUCAN TEOLOYUCAN MEXICO,7.6,5,34 de 50,20,17,4.3928,0.68,0.85,4
19074827,Hernandez,Beltran,Luis,22,Carretera Mexico Texcoco Avenida Progreso y Avenida de las Bombas S/N Avenida ProgresoAvenida de Las Bombas y Calle Amapola 55065 N SANTA CRUZ VENTA DE CARPIO ECATEPEC ECATEPEC DE MORELOS MEXICO,7.05,5,30 de 50,21,15,3.0204084,0.6,0.71428573,4
11966679,Perez,Lopez,Mauricio,26,AV. QUETZALLI 1 AV. DE LAS TORRES 56356 N CANTEROS CHIMALHUACAN CHIMALHUACAN MEXICO ,7.09,9,64 de 90,43,32,3.7536209,0.7111111,0.74418604,4
39750193,Fernandez,Montoya,Tania,25,CARRETERA ZUMPANGO APAXCO S/N ACUEDUCTO Y CAMINO VIEJO A ZUMPANGO 55600 N SAN SEBASTIAN ZUMPANGO ZUMPANGO MEXICO,7.8,8,70 de 80,40,35,5.971875,0.875,0.875,4
4051364,Garcia,Codoño,Sebastian,25,Primavera sn Petirrojos 55720 N PARQUE COACALCO 1RA SECC COACALCO COACALCO DE BERRIOZABAL MEXICO,7.69,8,56 de 80,35,28,4.304,0.7,0.8,4
29554203,Lopez,Perrer,Paola,27,Gorriones 82 cardenales 55720 N PARQUE COACALCO 1RA SECC COACALCO COACALCO DE BERRIOZABAL MEXICO,7.27,10,82 de 100,49,41,4.9848895,0.82,0.8367347,4
20305485,Ackerman,Alfa,Julio,21,AV. VENUSTIANO CARRANZA S/N BENITO JUAREZ 56335 N SANTA MARIA NATIVITAS CHIMALHUACAN CHIMALHUACAN MEXICO,6.69,4,22 de 40,16,11,2.528711,0.55,0.6875,4
16452071,Martí=inez,Trasmiera,Alvaro,21,HIDALGO 46 20 DE NOVIEMBRE Y SALAZAR 58930 N ZINAPECUARO DE FIGUEROA ZINAPECUARO ZINAPECUARO MICHOACAN,7.59,4,32 de 40,17,16,5.713495,0.8,0.9411765,4
30471835,Gomez,Montoya,Julio,23,LOPEZ PORTILLO LOTE 13 Y 14 ESQ CALLE 119 77518 S REGION 100 BENITO JUAREZ CANCUN QUINTANA ROO,7.92,6,42 de 60,26,21,4.4795856,0.7,0.8076923,4
6756682,Hernandez,Montoya,Rafael,24,Av. Andres Quintana Roo sm.95 mza.35 lt esq. calle 107 77534 S REGION 95 BENITO JUAREZ CANCUN QUINTANA ROO,7.74,7,62 de 70,35,31,6.0741925,0.8857143,0.8857143,4
15115429,Chaves,Prieto,Rosa,18,JOAQUIN ZETINA GAZCA 01-jun NA 77580 S PUERTO MORELOS BENITO JUAREZ BENITO JUAREZ QUINTANA ROO,7.6,1,8 de 10,5,4,4.864,0.8,0.8,4
33937533,Spencer,Esteban,Julio,19,número 10 de la Manzana 007 Supermanzana 001 Región 043 N/A ESQUINCA AV. GORREONES 77710 S CENTRO SOLIDARIDAD PLAYA DEL CARMEN QUINTANA ROO,8.4,2,18 de 20,10,9,6.8039994,0.9,0.9,4
36418127,Vega,Alfa,Ezra,19,Mza 18 Sm 1 Reg. 43. FRACC VILLAS DEL SOL 11 ESQUINCA AV. PAVO REAL 77710 S CENTRO SOLIDARIDAD PLAYA DEL CARMEN QUINTANA ROO,6.88,2,10 de 20,8,5,2.1484375,0.5,0.625,4
15778113,Zidan,Arango,Raul,27,Av. 30 Mza. 506 Lote 11 y 12 Calle 100 y 102 77728 S LUIS DONALDO COLOSIO SOLIDARIDAD PLAYA DEL CARMEN QUINTANA ROO ,7.33,10,82 de 100,49,41,5.0268974,0.82,0.8367347,4
14588287,Pilar,Codoño,Arturo,19,CARR. FED. PUEBLA-ATLIXCO KM 25.5 ENTRADA A FRACCIONAMIENTO VALLE REAL SOBRE FEDERA 74290 N VALLE REAL ATLIXCO ATLIXCO PUEBLA ,7.56,2,16 de 20,9,8,5.3728395,0.8,0.8888889,4
17211561,Zidan,Saenz,Mauricio,21,CORDILLERA DE HIMALAYA 600 CORDILLERA OCCIDENTAL Y CORDILLERA CENTRAL 78216 N LOMAS 3RA SECC SAN LUIS POTOSI SAN LUIS POTOSI SAN LUIS POTOSI ,7.38,4,28 de 40,16,14,4.5171876,0.7,0.875,4
37285633,Esquivel,Orihuela,Luis,20,AUTOPISTA MEXICO-PUEBLA KM 98 + 400 NA NA 74060 N ALVARO OBREGON SAN MARTIN TEXMELUCAN SAN MARTIN TEXMELUCAN DE LABASTIDA PUEBLA ,7.62,3,24 de 30,13,12,5.6236687,0.8,0.9230769,4
25305682,Spencer,Pastor,Pablo,23,PERIFERICO ORIENTE 4001 CARR MATHUALA Y MAGDALENO CEDILLO 78430 N EXPROPIACION PETROLERA SOLEDAD DE GRACIANO SANCHEZ SOLEDAD DE GRACIANO SANCHEZ SAN LUIS POTOSI,7.21,6,46 de 60,29,23,4.3821244,0.76666665,0.79310346,4
25307841,Silverio,Perrer,Javier,25,CALZADA DE GUADALUPE 790 AGUSTIN MELGAR Y VICENTE SUAREZ 78340 N NIÑOS HEROES SAN LUIS POTOSI SAN LUIS POTOSI SAN LUIS POTOSI,7.44,8,64 de 80,39,32,4.8809996,0.8,0.82051283,4
27681713,Zidan,Orihuela,Julio,19,Salvador Nava Martinez 1698 Prolongacion Pedro Vallejo y Avenida Juarez 78358 N VILLA RICA SAN LUIS POTOSI SAN LUIS POTOSI SAN LUIS POTOSI,7,2,10 de 20,5,5,3.5,0.5,1.0,4
11828579,Pilar,Caballero,Oscar,27,CALLE 20 AV. SUR 0 25 AV. SUR Y JOSE MARIA MORELOS 77670 S C T M COZUMEL COZUMEL QUINTANA ROO,7.32,10,66 de 100,47,33,3.3917246,0.66,0.70212764,4
28922627,Sanchez,Calvo,Thiago,20,Portugal 595 Portugal y Libano 78390 N MAYAMIL SAN LUIS POTOSI SAN LUIS POTOSI SAN LUIS POTOSI,7.53,3,24 de 30,15,12,4.8213334,0.8,0.8,4
4489607,Martí=inez,Crespo,Zoe,18,AV. ROBLE 300 Entre calle Naranjo y Privada Cristal 66265 N VALLE DEL CAMPESTRE SAN PEDRO GARZA GARCIA SAN PEDRO GARZA GARCIA NUEVO LEON,6.8,1,8 de 10,5,4,4.352,0.8,0.8,4
26502158,Lizarraga,Moreno,Luis,25,Av. Eugenio Garza Sada 3755 Sur Lince y Capricornio 64860 N CONTRY MONTERREY MONTERREY NUEVO LEON,7.36,8,68 de 80,36,34,5.9093366,0.85,0.9444444,4
8999170,Sanchez,Maldonado,Oscar,18,PORFIRIO DIAZ SN ESQ DESIERTO DEL SAHARA 66644 N RINCON DE HUINALA APODACA APODACA NUEVO LEON,8,1,10 de 10,5,5,8.0,1.0,1.0,4
19549290,Ruiz,Maldonado,Alvaro,25,Guadalupe s/n Ferrocarril y San Ramón 98600 N *FRACCIONAMIENTO LOS ANGELES GUADALUPE GUADALUPE ZACATECAS,7.62,8,72 de 80,39,36,6.3266273,0.9,0.9230769,4
37041073,Zidan,Maldonado,Raul,19,Infiernillo 665 Rio Piaxtla y Rio de la Plata 82010 N INDEPENDENCIA MAZATLAN MAZATLAN SINALOA,8.14,2,12 de 20,7,6,4.1877556,0.6,0.85714287,4
11581364,Ackerman,Ramirez,Thiago,21,Libramiento Naciones Unidas 3115 Esq. con Aguila Azteca 87086 N GUADALUPE VICTORIA VICTORIA CIUDAD VICTORIA TAMAULIPAS,8.3,4,38 de 40,20,19,7.4907503,0.95,0.95,4
21345478,Ruiz,Moreno,Javier,21,Blvd. Alamos S/N Av. Bienestar y Av. Pirules 81285 N RAUL ROMANILLO AHOME LOS MOCHIS SINALOA  ,6.89,4,28 de 40,19,14,3.5562325,0.7,0.7368421,4
28427583,Martí=inez,Prieto,Julio,26,Carretera H. de Zaragoza S/N Carretera Ahome-Cohuibampo 81312 N COHUIBAMPO AHOME AHOME SINALOA,7.69,9,68 de 90,42,34,4.703805,0.75555557,0.8095238,4
26610953,Ruiz,Orihuela,Ingrid,26,FRANCISCO I. MADERO SN FERNANDO MONTES DE OCA 81440 N MILITAR SALVADOR ALVARADO GUAMUCHIL SINALOA,7.66,9,66 de 90,41,33,4.5204043,0.73333335,0.80487806,4
19383304,Cruz,Esteban,Ernesto,20,AV. PRIMO DE VERDAD 77 HERIBERTO FRIAS 77099 S PRIMERA LEGISLATURA OTHON P BLANCO CHETUMAL (CIUDAD CHETUMAL) QUINTANA ROO,7.79,3,24 de 30,14,12,5.3387756,0.8,0.85714287,4
12085325,Zidan,Esteban,Raul,19,Benito Juarez 1696 OTE. Alejandro Quijanp y Esteban Flores 80308 N MIGUEL HIDALGO CULIACAN CULIACAN SINALOA,7.67,2,10 de 20,6,5,3.1944444,0.5,0.8333333,4
36682188,Pilar,Moreno,Jose,27,Victoria 62 Esq. con Constitución del 57 87369 S BAGDAD MATAMOROS MATAMOROS TAMAULIPAS,7.35,10,76 de 100,49,38,4.3301954,0.76,0.7755102,4
39475259,De la Merced,Tesafaye,Mauricio,23,Av. Camarón Sábalo 424 Av. Gaviotas y Sierra de Venados 82110 N LAS GAVIOTAS MAZATLAN MAZATLAN SINALOA ,7.44,6,44 de 60,25,22,4.80128,0.73333335,0.88,4
28833227,Cruz,Lopez,Paola,21,Avenida Chiapas sin numero Periferico 86990 N CRNEL GREGORIO MENDEZ MAGAÑA EMILIANO ZAPATA EMILIANO ZAPATA TABASCO,7.78,4,32 de 40,18,16,5.5308642,0.8,0.8888889,4
29060841,De la Merced,Codoño,Paola,27,Miguel Hidalgo 65 La Paz y Mexicas 82400 N ESCUINAPA CENTRO ESCUINAPA ESCUINAPA SINALOA,7.37,10,84 de 100,49,42,5.3044896,0.84,0.85714287,4
30419115,Silverio,Lopez,Tania,21,MATAMOROS 121 CALLE 10 ESQUINA 87300 S MATAMOROS CENTRO MATAMOROS MATAMOROS TAMAULIPAS,7.5,4,30 de 40,16,15,5.2734375,0.75,0.9375,4
13288384,Spencer,Prieto,Andres,20,Av. Monterrey 0 Calle 18 de Marzo y Calle Abril 81248 N ALAMO AHOME LOS MOCHIS SINALOA,7.7,3,20 de 30,10,10,5.133333,0.6666667,1.0,4
9959345,Fernandez,Caballero,Julio,27,Carretera El Fuerte-Choix S/N Ismael Castro y Francisco de Ibarra 81820 N EL FUERTE EL FUERTE EL FUERTE SINALOA,7.44,10,78 de 100,50,39,4.5264955,0.78,0.78,4
32321125,Spencer,Moreno,Sebastian,19,BLVD CAPITAN CARLOS CAMACHO ESPIRITU 2 LOC A SOBRE BLVD CARLOS CAMACHO ESPIRITU 72960 N TOTIMEHUACAN PUEBLA PUEBLA PUEBLA,7.33,2,10 de 20,9,5,2.0370371,0.5,0.5555556,4
25003136,Sanchez,Alfa,Ingrid,19,CARRETERA PUEBLA CUAUTINCHAN 7501 LOC A CARRETERA A VALSEQUILLO 72965 N SANTO TOMAS CHAUTLA PUEBLA PUEBLA PUEBLA ,6.8,2,20 de 20,10,10,6.8,1.0,1.0,4
10934936,Hernandez,Perez,Jose,19,AV. CANAL DE SANTA CLARA 12 PASO DE LOS GUZMAN ESQ CANAL DE SANTA CLARA CENTRO S.J.R. 76800 N SAN JUAN DEL RIO CENTRO SAN JUAN DEL RIO SAN JUAN DEL RIO QUERETARO,6.17,2,6 de 20,6,3,0.925,0.3,0.5,4
35899156,Perez,Alfa,Zoe,18,BENITO JUAREZ 53 16 DE SEPTIEMBRE 76800 N SAN JUAN DEL RIO CENTRO SAN JUAN DEL RIO SAN JUAN DEL RIO QUERETARO,8.4,1,8 de 10,5,4,5.376,0.8,0.8,4
18321605,Garcia,Caballero,Jose,27,1RO DE MAYO 5602 CALLE SAN ANTONIO ESQ CON CALLE 1RO DE MAYO 72314 N SAN ANTONIO ABAD PUEBLA PUEBLA PUEBLA,7.27,10,70 de 100,45,35,3.9562964,0.7,0.7777778,4
26694695,Japon,Trasmiera,Mauricio,23,BLVD ESTEBAN DE ANTUÑANO 1347 VIA DEL TREN 72130 N PATRIOTISMO PUEBLA PUEBLA PUEBLA ,7.23,6,46 de 60,26,23,4.9039445,0.76666665,0.88461536,4
4425109,Spencer,Caballero,Ingrid,26,REFORMA SUR 94 AVENIDA REFORMA SUR 72160 N LA PAZ PUEBLA PUEBLA PUEBLA,7.49,9,70 de 90,43,35,4.7407007,0.7777778,0.81395346,4
1442540,Esquivel,Calvo,Angeles,24,3 NORTE 812 LOC A ENTRE 3 NORTE Y 10 PONIENTE 72161 N CENTRO SCT PUEBLA PUEBLA PUEBLA PUEBLA,7.68,7,54 de 70,31,27,5.1583767,0.7714286,0.87096775,4
15637126,Ruiz,Perez,Mauricio,22,PROLONGACION 11 SUR 9106 CALLE OLMECA 72480 N SAN JOSE LOS PINOS PUEBLA PUEBLA PUEBLA,8.25,5,34 de 50,20,17,4.7685003,0.68,0.85,4
8086671,Japon,Calvo,Julio,22,PROLONGACION 14 SUR 7101 71 Y 69 ORIENTE 72477 N LOMA LINDA PUEBLA PUEBLA PUEBLA,6.79,5,32 de 50,24,16,2.8977776,0.64,0.6666667,4
15105221,Lizarraga,Ibañez,Rosa,25,GRAN AVENIDA 1432 18 PTE Y GRAN AVENIDA 72070 N LAS HADAS PUEBLA PUEBLA PUEBLA,7.64,8,66 de 80,36,33,5.77691,0.825,0.9166667,4
33239560,Fernandez,Llanos,Paola,22,JESUS ARRIAGA 170 CARR. ESTATAL 200 JESUS ARRIAGA 76240 N SALDARRIAGA EL MARQUES EL MARQUES QUERETARO,7.88,5,46 de 50,25,23,6.6696324,0.92,0.92,4
25529620,Pilar,Tesafaye,Sebastian,27,AVENIDA BENITO JUAREZ 47 MORELOS Y REFORMA 79161 N VEINTE DE NOVIEMBRE EBANO EBANO SAN LUIS POTOSI,7.52,10,82 de 100,46,41,5.4974103,0.82,0.8913044,4
6350072,Spencer,Orihuela,Sebastian,23,PROLONGACION DE AV USUMACINTA LOCAL INTERIOR C6-C7 S/N FRACC.BOSQUES DE SALOYA Y FRACC.CARRIZAL 86035 N PASEOS DEL USUMACINTA CENTRO VILLAHERMOSA TABASCO,7.52,6,38 de 60,25,19,3.6196265,0.6333333,0.76,4
25952651,Martí=inez,Tesafaye,Julio,25,Ave. Constituyente Francisco Mujica 2336 Sur Enrique Recio y Julian Adame 80190 N AQUILES SERDAN CULIACAN CULIACAN SINALOA,6.92,8,58 de 80,38,29,3.8293457,0.725,0.7631579,4
27956218,Lopez,Esteban,Pablo,26,Manuel Estrada CUL 1431 Juan Ruiz De Alarcon y Jose Vasconcelos 80240 N GUADALUPE VICTORIA CULIACAN CULIACAN SINALOA,7.58,9,82 de 90,45,41,6.290491,0.9111111,0.9111111,4
30516459,Perez,Caballero,Thiago,26,Blvd.Central Esq.Prol.Alvaro Obregon S/N DR.DE LA TORRE Y TEOFILO NORIS 81000 N GUASAVE CENTRO GUASAVE GUASAVE SINALOA,8.18,9,80 de 90,45,40,6.461455,0.8888889,0.8888889,4
34189262,Chaves,Ibañez,Ezra,21,El Olmo 37 Esq. Encino 91194 N EL OLMO XALAPA XALAPA ENRIQUEZ VERACRUZ ,6.89,4,30 de 40,19,15,4.08241,0.75,0.7894737,4
17351420,Garcia,Arroyave,Oscar,26,AV. RAFAEL CUERVO L 3 M-10 ESQ. CALLE CABO BLANCO 91800 N ASTILLEROS DE VERACRUZ VERACRUZ VERACRUZ VERACRUZ,7.96,9,84 de 90,45,42,6.930173,0.93333334,0.93333334,4
34795617,Lizarraga,Llanos,Arturo,22,Blvd. Zacarias Ochoa S/N Rio Presidio y Alejandrina 81228 N MACAPULE INFONAVIT AHOME LOS MOCHIS SINALOA,7.54,5,38 de 50,24,19,4.5375695,0.76,0.7916667,4
26941954,Lopez,Ramirez,Javier,22,AV. IGNACIO ZARAGOZA 2001 AQUILES SERDAN Y EMILIANO ZAPATA 96400 N COATZACOALCOS CENTRO COATZACOALCOS COATZACOALCOS VERACRUZ ,7.95,5,42 de 50,22,21,6.378099,0.84,0.95454544,4
3950347,Spencer,Beltran,Saul,27,67 488 58 y 56 97000 N MERIDA CENTRO MERIDA MERIDA YUCATAN,7.44,10,82 de 100,50,41,5.002656,0.82,0.82,4
22094677,Silverio,Saenz,Pablo,22,SIMON SARLAT 611 SIMON SARLAT 86191 N CENTRO SCT TABASCO CENTRO VILLAHERMOSA TABASCO,8,5,46 de 50,24,23,7.0533333,0.92,0.9583333,4
3695829,De la Merced,Trasmiera,Mauricio,20,CONSTITUCION SN PEDRO FUENTES Y BASTAR ZOZAYA 86191 N CENTRO SCT TABASCO CENTRO VILLAHERMOSA TABASCO ,7.57,3,24 de 30,14,12,5.191837,0.8,0.85714287,4
5396236,Silverio,Esteban,Julio,26,Avenida 21 de Marzo 1763 Sur Boulevard Guillermo Batiz y Bugambilias 80270 N DIEZ DE MAYO CULIACAN CULIACAN SINALOA,7.83,9,70 de 90,42,35,5.0771604,0.7777778,0.8333333,4
40271640,Cruz,Llanos,Andres,27,MAZATLAN 702 DR MIER Y GONZALEZ 88120 S BUENAVISTA NUEVO LAREDO NUEVO LAREDO TAMAULIPAS,7.48,10,78 de 100,46,39,4.9454064,0.78,0.84782606,4
36360884,Chaves,Maldonado,Ezra,26,Avenida Sonora y Calle Lamberto Hernandez 101 Avenida Sonora y Calle Lamberto Hernandez 83640 S INDUSTRIAL CABORCA CABORCA SONORA ,7.63,9,70 de 90,41,35,5.0687423,0.7777778,0.85365856,5
2258581,Pilar,Esteban,Arturo,20,LAGO DE PLATA Y LAGO ANTARES S/N LAGO PIEDRA Y LAGO TAOS 84063 S JARDINES DEL BOSQUE NOGALES NOGALES SONORA,7.25,3,20 de 30,12,10,4.0277777,0.6666667,0.8333333,5
26020073,Lizarraga,Codoño,Zoe,20,IGLESIAS CALDERON 1 SOLEDAD SAENZ 88284 S FRANCISCO VILLA NUEVO LAREDO NUEVO LAREDO TAMAULIPAS,7.93,3,24 de 30,14,12,5.4367347,0.8,0.85714287,5
28771713,Fernandez,Pastor,Ezra,25,CARR. A VILLA DE REYES SN CAMINO A LA BOQUILLA Y CAMINO A JESUS MARIA 79524 N PARDO VILLA DE REYES VILLA DE REYES SAN LUIS POTOSI,7.14,8,48 de 80,35,24,2.9387755,0.6,0.6857143,5
13693023,Gomez,Codoño,Saul,27,400 S/N ESQUINA CON CALLE JALISCO 85096 N VILLAFONTANA CAJEME CIUDAD OBREGON SONORA,7.86,10,92 de 100,49,46,6.786006,0.92,0.93877554,5
2063267,Japon,Ibañez,Angeles,20,200 SN ESQUINA JUSTO SIERRA 85202 N TEPEYAC CAJEME CAJEME SONORA ,7.42,3,20 de 30,12,10,4.1203704,0.6666667,0.8333333,5
35106285,Sanchez,Arango,Pablo,25,Blvd. José Limón 931 Int-G República de Brasil y Blvd. Rotarismo 80020 N HUMAYA CULIACAN CULIACAN SINALOA,7.33,8,66 de 80,39,33,5.1192307,0.825,0.84615386,5
23413062,Lizarraga,Moreno,Oscar,21,JOSEFA ORTIZ DE DOMINGUEZ SN 25 85330 N MODERNA EMPALME EMPALME SONORA,7,4,22 de 40,16,11,2.6468751,0.55,0.6875,5
33994188,Martí=inez,Codoño,Oscar,20,CARRETERA MAZOCAHUI-CANANEA SN NA 84680 S BACOACHI BACOACHI BACOACHI SONORA,7.08,3,16 de 30,12,8,2.5185187,0.53333336,0.6666667,5
2877098,Ackerman,Arango,Saul,18,Florencio Ruiz n/a TOMAS LOPEZ Y EDUARDO W. VILLA 84940 N BAVIACORA BAVIACORA BAVIACORA SONORA,7.2,1,6 de 10,5,3,2.5920002,0.6,0.6,5
27518211,Hernandez,Esteban,Rosa,22,Ley Federal del Trabajo S/N Articulo 3 83100 N LEY CINCUENTA Y SIETE HERMOSILLO HERMOSILLO SONORA,6.52,5,24 de 50,21,12,1.7893877,0.48,0.5714286,5
20275736,Rodriguez,Perez,Raul,24,Reforma S/N Mazatan 83103 N LOMAS DE MADRID HERMOSILLO HERMOSILLO SONORA ,7.47,7,58 de 70,34,29,5.279634,0.82857144,0.85294116,5
13380081,Lopez,Lopez,Saul,23,Bvld. Solidaridad 221 Esquin con Esteban Baca Calderon 83130 N CHOYAL HERMOSILLO HERMOSILLO SONORA,7.3,6,50 de 60,30,25,5.0694447,0.8333333,0.8333333,5
8353297,Rodriguez,Ramirez,Julio,27,REG. 233 MZ. 28 LT. 01 S/N AV. 20 DE NOV. ESQ. CALLE 19 77519 S *SUPER MANZANA 214 BENITO JUAREZ CANCUN QUINTANA ROO,7.96,10,88 de 100,50,44,6.1642237,0.88,0.88,5
36278259,Zidan,Esteban,Angeles,26,CAMINO ACCESO A PLAYAS AKUMAL S/N CON CALLE QUE CONDUCE A CLUB AKUMAL CARIBE 77785 S *CHANCHEN PALMAR TULUM TULUM QUINTANA ROO,7.9,9,72 de 90,40,36,5.688,0.8,0.9,5
3864764,Gonzales,Beltran,Zoe,25,CIRCUITO LATAMAT NORTE S/N ESQ. QUIETA 93166 N *ADOLFO RUIZ CORTINEZ COATZINTLA COATZINTLA VERACRUZ,7.44,8,64 de 80,39,32,4.8809996,0.8,0.82051283,5
4895805,Cruz,Llanos,Jose,19,BLVD MARTIRES SANTOS 1005 BLVD KAROL WOJTYLA Y BEATO LUIS MAGAÑA 37670 N *VILLAS DE SAN NICOLAS LEON LEON GUANAJUATO,8.5,2,12 de 20,6,6,5.1000004,0.6,1.0,5
6466796,Lizarraga,Perez,Paulina,22,Rafael Murillo Vidal 153 Esq. Río Misantla 91069 N CUAUHTEMOC XALAPA XALAPA ENRIQUEZ VERACRUZ,8.26,5,42 de 50,23,21,6.3357277,0.84,0.9130435,5
681625,Garcia,Arango,Rafael,24,Av. Venustiano Carranza 117,7.91,7,60 de 70,33,30,6.1629286,0.85714287,0.90909094,5
9398013,Lizarraga,Ibañez,Rosa,25,Venustiano Carranza y Magnolia 91070 N VENUSTIANO CARRANZA XALAPA XALAPA ENRIQUEZ VERACRUZ,7.13,8,58 de 80,38,29,3.9458275,0.725,0.7631579,5
40206329,Japon,Gallon,Thiago,22,AV LAS ANIMAS 591 ESQ 2 DE ABRIL 36515 N *LOS PARAISOS IRAPUATO IRAPUATO GUANAJUATO,7.05,5,26 de 50,20,13,2.3829,0.52,0.65,5
8805277,Esquivel,Orihuela,Javier,22,Av. Miguel Lerdo de Tejada 601 Esq. 16 de Septiembre 95100 N TIERRA BLANCA CENTRO TIERRA BLANCA TIERRA BLANCA VERACRUZ,7.35,5,38 de 50,23,19,4.613157,0.76,0.82608694,5
18956457,Barquín,Montoya,Saul,25,Calzada Lucas Martin 134 Esq Gustavo Galindo 91100 N MARTIN LUCAS XALAPA XALAPA ENRIQUEZ VERACRUZ,7.8,8,72 de 80,40,36,6.318,0.9,0.9,5
15515565,Sanchez,Gallon,Pablo,26,AV DE LAS ARTES 1180 AV DE LOS CANTAROS 45653 N *LOS CANTAROS TLAJOMULCO DE ZUNIGA TLAJOMULCO DE ZUNIGA JALISCO,7.51,9,68 de 90,43,34,4.487567,0.75555557,0.7906977,5
18819206,Sanchez,Montoya,Thiago,20,AVE. LAS PALMAS 1920 COLINDANTE AL FRACCIONAMIENTO PALMAS 6° SECTOR 66610 N *LAS PALMAS 5TO SECTOR APODACA APODACA NUEVO LEON,8.31,3,24 de 30,13,12,6.1349115,0.8,0.9230769,5
21339455,Cruz,Maldonado,Rosa,25,Camino a San Roque 700 0 67258 N *ANZURES JUAREZ JUAREZ NUEVO LEON,7.85,8,68 de 80,39,34,5.8142014,0.85,0.8717949,5
1597124,Garcia,Beltran,Paulina,26,Blvd. Industria Agro Quimica 890 Parque Industrial Saltillo - Ramos Arizpe 25903 N *PARQUE INDUSTRIAL RAMOS ARIZPE RAMOS ARIZPE COAHUILA,7.53,9,76 de 90,43,38,5.6229315,0.84444445,0.88372093,5
28881636,Gonzales,Maldonado,Raul,18,Ferrocarril Hidalgo Lote 01 Mzna. 04 800 Felipe Angeles y Manuel Vargas Cataño 42083 N *SAN ANTONIO EL DESMONTE PACHUCA DE SOTO PACHUCA DE SOTO HIDALGO,6.8,1,6 de 10,5,3,2.4480004,0.6,0.6,5
13220359,Ackerman,Maldonado,Alvaro,23,CALLE PASEO DEL PESCADOR 222 CALLE PASEO DE LOS MARINOS Y CALLE PANGA 23443 S *CHULA VISTA LOS CABOS SAN JOSE DEL CABO BAJA CALIFORNIA SUR,7.07,6,46 de 60,28,23,4.4533167,0.76666665,0.8214286,5
3781746,Gonzales,Tesafaye,Luis,19,Calzada de las Flores S/N Esquina Girasol 45130 N *HACIENDA DEL SOL ZAPOPAN ZAPOPAN JALISCO,6.3,2,10 de 20,10,5,1.575,0.5,0.5,5
7342149,Cruz,Lopez,Paola,25,EJE VIAL JUAN GABRIEL sn EJE VIAL JUAN GABRIEL Y NOPALES NORTE 32674 S *COLINAS DEL NORTE JUAREZ JUAREZ CHIHUAHUA,7.78,8,62 de 80,36,31,5.190586,0.775,0.8611111,5
13303808,Zidan,Esteban,Ingrid,19,CARRETERA A SAN MARTIN KM 01-A S/N EPIGMENIO GARCIA Y ADOLFO LOPEZ MATEOS 79960 N *ZACATIPAN TAMAZUNCHALE TAMAZUNCHALE SAN LUIS POTOSI,6.56,2,12 de 20,9,6,2.6222224,0.6,0.6666667,5
1493793,Cruz,Calvo,Rosa,26,Av. Zapopan S/N Cruce Av. Zapotlan 45200 N *VALLE DE LOS MOLINOS ZAPOPAN ZAPOPAN JALISCO ,7.73,9,70 de 90,41,35,5.133518,0.7777778,0.85365856,5
5863020,Chaves,Perez,Luis,27,CARRETERA INTERNACIONAL KM 1002 6TA CALLE ORIENTE 30400 N *SEGURO SOCIAL CINTALAPA CINTALAPA CHIAPAS,7.41,10,84 de 100,49,42,5.333877,0.84,0.85714287,5
26366283,Gomez,Maldonado,Paulina,19,BLVD. DELTA 1701 IVANOVO Y YUCON 37159 N *AGUA AZUL LEON LEON GUANAJUATO,7.33,2,12 de 20,9,6,2.9333336,0.6,0.6666667,5
9805380,Gomez,Calvo,Javier,24,AVENIDA DEL SOL 551 A Osa Mayor 76113 N *LA LUNA SANTIAGO DE QUERETARO SANTIAGO DE QUERETARO QUERETARO,7.68,7,60 de 70,34,30,5.805734,0.85714287,0.88235295,5
34087825,Vega,Moreno,Saul,24,AV. SANTA TERESA DE JESUS 351 SAN MIGUEL Y SAN FRANCISCO 66632 N *EX HACIENDA SAN FRANCISCO APODACA APODACA NUEVO LEON,7.58,7,58 de 70,31,29,5.8758736,0.82857144,0.9354839,5
9806587,Spencer,Beltran,Ernesto,18,AV. VALLE DE SANTIAGO 202 AV. VALLE DE SANTIAGO ESQ. VALLE DEL SALITRE 76229 N *CUIDAD DEL SOL SECCION VALLEDE SANTIAGO SANTIAGO DE QUERETARO QUERETARO QUERETARO,7,1,8 de 10,5,4,4.48,0.8,0.8,5
19939636,Lopez,Beltran,Ernesto,20,PROL PERIFERICO PONIENTE NORTE 2 FRENTE A MERCADO NORTE 29243 N *EL PROGRESO SAN CRISTOBAL DE LAS CASAS SAN CRISTOBAL DE LAS CASAS CHIAPAS,8.4,3,20 de 30,10,10,5.6,0.6666667,1.0,5
14507702,Lizarraga,Codoño,Raul,27,Av. Benito Juarez 201-38 Irlanda 66059 N *PRIVADAS DE ANÁHUAC SECTOR IRLANDES GENERAL ESCOBEDO GENERAL ESCOBEDO NUEVO LEON ,7.85,10,76 de 100,46,38,4.9270697,0.76,0.82608694,5
24064558,Silverio,Gallon,Rosa,23,BLVR. RIO MAYO ESQ. OCEANO ATLANTICO 3303 MONJARAZ Y SALTO DE LAS LIEBRES 37550 N *CUMBRES DE LA PRADERA LEON LEON GUANAJUATO ,7.42,6,42 de 60,26,21,4.196893,0.7,0.8076923,5
27106789,Lizarraga,Beltran,Alvaro,24,Autopista Mexico Queretaro Km. 98.132 sobre autopista mexico queretaro 54270 N *SAN MIGUEL DE LA VICTORIA JILOTEPEC JILOTEPEC MEXICO ,7.58,7,54 de 70,31,27,5.093355,0.7714286,0.87096775,5
17628167,Barquín,Saenz,Sebastian,25,PASEOS DEL VERGEL S/N PASEOS FLORESTA 36584 N *LA FLORESTA IRAPUATO IRAPUATO GUANAJUATO,7.4,8,60 de 80,35,30,4.757143,0.75,0.85714287,5
29582389,Silverio,Crespo,Oscar,24,México s/n Del Oro y Callejón Mecánicos 98066 N AGRONOMICA ZACATECAS ZACATECAS ZACATECAS,7.59,7,62 de 70,34,31,6.1279783,0.8857143,0.9117647,5
13775217,Ackerman,Arroyave,Ivan,22,TERCERA AVENIDA 1003 CALLE PRIMERA Y CALLE SEGUNDA 89506 N SAHOP CIUDAD MADERO CIUDAD MADERO,7.64,5,42 de 50,22,21,6.122975,0.84,0.95454544,5
760011,Ocampo,Perrer,Saul,26,TAMAULIPAS 28 284 37 97219 N RESIDENCIAL DEL NORTE MERIDA MERIDA YUCATAN,7.29,9,66 de 90,42,33,4.1979594,0.73333335,0.78571427,5
33357693,Esquivel,Esteban,Julio,21,MIGUEL HIDALGO 104 MELCHOR OCAMPO Y BOULEVARD INGACIO ALLENDE 89600 N ALTAMIRA CENTRO ALTAMIRA ALTAMIRA TAMAULIPAS,7,4,28 de 40,18,14,3.8111112,0.7,0.7777778,5
34324592,Spencer,Esteban,Tania,27,Arroyo de la Plata 162 Independencia y Justo Sierra 98000 N ZACATECAS CENTRO ZACATECAS ZACATECAS ZACATECAS,7.47,10,80 de 100,47,40,5.084654,0.8,0.85106385,5
2696169,Zidan,Arroyave,Ingrid,24,ALLENDE S/N ESQ. FRANCISCO I. MADERO 92800 N TUXPAN DE RODRIGUEZ CANO CENTRO TUXPAM TUXPAN DE RODRIGUEZ CANO VERACRUZ ,7.49,7,64 de 70,35,32,6.2574463,0.9142857,0.9142857,5
14832634,Pilar,Codoño,Arturo,21,Av. Papantla s/n Esq. 15 de Septiembre 93220 N LA CEIBA POZA RICA DE HIDALGO POZA RICA DE HIDALGO,7.94,4,28 de 40,16,14,4.8617187,0.7,0.875,5
2323214,Hernandez,Perrer,Pablo,21,VERACRUZ LOTE 56 Y 7 MANZANA NO. 21 S/N LOTE NO. 10 92840 N LOMA LINDA TUXPAM TUXPAN DE RODRIGUEZ CANO VERACRUZ,7.78,4,30 de 40,18,15,4.8611107,0.75,0.8333333,5
23713765,Pilar,Codoño,Rosa,24,BENITO JUAREZ S/N ESQ. QUILES SERDAN 93400 N PAPANTLA CENTRO PAPANTLA PAPANTLA VERACRUZ,7.55,7,50 de 70,31,25,4.3481493,0.71428573,0.8064516,5
5029486,Vega,Maldonado,Paola,27,Av. Ricardo Flores Magon 467 Y 473 Esq. Altamirano 91910 N IGNACIO ZARAGOZA VERACRUZ VERACRUZ VERACRUZ,7.41,10,82 de 100,49,41,5.0829067,0.82,0.8367347,5
29445953,Lopez,Esteban,Zoe,27,Av. Parque Central y Av. Parques de Oriente S/N Av. Central y Av. Parques de Oriente 31385 N *PUNTA ORIENTE CHIHUAHUA CHIHUAHUA CHIHUAHUA,7.66,10,84 de 100,50,42,5.4048953,0.84,0.84,5
15916875,Vega,Beltran,Mauricio,25,AVENIDA PUEBLA 62 N/A 84624 S *MESA SUR CANANEA CANANEA SONORA ,7.63,8,68 de 80,38,34,5.8040166,0.85,0.8947368,5
19059657,Barquín,Crespo,Ernesto,19,Blvd Rodolfo Landeros s/n Circuito del Laurel Poniente y Ave Cultura Otomi 20174 N *LOS LAURELES AGUASCALIENTES AGUASCALIENTES AGUASCALIENTES,7.57,2,14 de 20,7,7,5.3,0.7,1.0,5
35941391,Sanchez,Trasmiera,Alvaro,21,CALLE COVELO 1184 AVE. EL GRECO Y AVE. MONET 21323 S *RESIDENCIAL BARCELONA MEXICALI MEXICALI BAJA CALIFORNIA,6.8,4,26 de 40,20,13,2.873,0.65,0.65,5
9666337,Cruz,Trasmiera,Paola,23,GALAXIA 140 Av. La estrella y C. Cosmos 45654 N *REAL DEL SOL TLAJOMULCO DE ZUNIGA TLAJOMULCO DE ZUNIGA JALISCO ,7.4,6,44 de 60,30,22,3.9795556,0.73333335,0.73333335,5
33004391,Garcia,Arroyave,Ivan,25,Calle Tedda S/N Calle Calafia Y Calle Gokio 23088 S *CALAFIA LA PAZ LA PAZ BAJA CALIFORNIA SUR Calle 5 de Mayo S/N,7.87,8,72 de 80,39,36,6.5396447,0.9,0.9230769,5
9522193,Cruz,Crespo,Sebastian,26,Calle Durango Y Calle Yucatan 23020 S *GUERRERO LA PAZ LA PAZ BAJA CALIFORNIA SUR,7.74,9,72 de 90,43,36,5.1868033,0.8,0.8372093,5
5831611,Fernandez,Maldonado,Mauricio,26,Del Hospital 100 Dr. Jesus Romo Armeria 66025 N *VALLE DE SAN BLAS GARCIA GARCIA NUEVO LEON,7.7,9,74 de 90,43,37,5.446055,0.82222223,0.8604651,5
28041145,Spencer,Esteban,Sebastian,18,AV. SAN SALVADOR S/N BELISARIO DOMINGUEZ 77086 S *CARIBE OTHON P BLANCO CHETUMAL (CIUDAD CHETUMAL) QUINTANA ROO ,8,1,8 de 10,5,4,5.1200004,0.8,0.8,5
15184263,Garcia,Gallon,Paola,22,121 531 136 97306 N *LOS HEROES MERIDA MERIDA YUCATAN,7.23,5,36 de 50,22,18,4.2575207,0.72,0.8181818,5
27186879,Esquivel,Calvo,Arturo,27,HACIENDAS DE LEON 104 HACIENDAS DE LEON Y TAJO DE SANTA ANA 37233 N *EL DORADO LEON LEON GUANAJUATO,7.67,10,78 de 100,46,39,5.074792,0.78,0.84782606,5
17997410,Rodriguez,Saenz,Andres,26,ANILLO PERIFERICO 1201 CARRETERA ISLAS AGRARIAS Y AV. PASEO DE LAS BARCENAS 21395 S *VILLA DE CORTES MEXICALI MEXICALI BAJA CALIFORNIA ,7.27,9,76 de 90,45,38,5.1817617,0.84444445,0.84444445,5
23557380,Esquivel,Ibañez,Mauricio,18,ACUÑA SN ACUÑA Y ALLENDE 25903 N *NUEVO RAMOS RAMOS ARIZPE RAMOS ARIZPE COAHUILA,6.8,1,6 de 10,5,3,2.4480004,0.6,0.6,5
23618333,Gomez,Esteban,Sebastian,26,CALLE CANAAN 1306 AVENIDA DE LAS BARCENAS Y CALZADA GENESIS 21395 S *LA CONDESA MEXICALI MEXICALI BAJA CALIFORNIA,7.6,9,64 de 90,40,32,4.3235555,0.7111111,0.8,5
17303510,De la Merced,Arango,Angeles,19,JARDINES BOTANICOS LOTE 1 MANZAN ESQUINA AV. MEXIQUENSE 55764 N*LOS HÉROES TECAMAC II TECAMAC TECAMAC DE FELIPE VILLANUEVA MEXICO,7.71,2,12 de 20,7,6,3.9673471,0.6,0.85714287,5
37580910,Esquivel,Moreno,Mauricio,22,PITAHAYA MADURA 480 QUINTA EL SABINO Y JUAN ESTEBAN IBARRA 83284 N *ES QUINTAS DEL SOL HERMOSILLO HERMOSILLO SONORA,7.59,5,36 de 50,22,18,4.471736,0.72,0.8181818,5
205642,Spencer,Trasmiera,Zoe,24,VIOLETA 700 MEXICO Y AVE. ALVARO GARZA CANTU 89358 N *LUIS DONALDO COLOSIO TAMPICO TAMPICO TAMAULIPAS,7.51,7,58 de 70,35,29,5.1587873,0.82857144,0.82857144,5
9913548,Ruiz,Ibañez,Saul,24,CONSTITUCION 500 CEDRO Y SEGUNDA CALLE PALMA 79068 N *LA PIMIENTA CIUDAD VALLES CIUDAD VALLES SAN LUIS POTOSI ,7.7,7,54 de 70,33,27,4.8580875,0.7714286,0.8181818,5
11767851,Japon,Moreno,Alvaro,25,BOSQUES DE HUASTECA 400 AVE HACIENDA SAN ANGEL 66367 N *BOSQUES LA HUASTECA SANTA CATARINA SANTA CATARINA NUEVO LEON,7.69,8,54 de 80,35,27,4.0020614,0.675,0.7714286,5
35478530,Ackerman,Moreno,Raul,20,AVENIDA BELLAVISTA 2121 AV. DE LA POESIA / TULIPAN 76134 N *RENCHO BELLAVISTA SANTIAGO DE QUERETARO QUERETARO QUERETARO,7.77,3,22 de 30,13,11,4.8209076,0.73333335,0.84615386,5
28130029,Sanchez,Prieto,Arturo,27,MEXICO 97 NTE ESQ. CON NICOLAS BRAVO 63450 N *TECUALA CENTRO TECUALA TECUALA NAYARIT,7.69,10,70 de 100,45,35,4.186173,0.7,0.7777778,5
8162377,Sanchez,Crespo,Paulina,26,AVENIDA INDEPENDENCIA 5 CALLE HECHOS 30798 N *OLIMPIA TAPACHULA TAPACHULA CHIAPAS,7.51,9,62 de 90,41,31,3.912856,0.6888889,0.75609756,5
31535365,Silverio,Arroyave,Sebastian,24,Abasolo 1026 Jesus Ayala Lopez y Leonardo Da Vinci 66072 N *LA PROVIDENCIA GENERAL ESCOBEDO GENERAL ESCOBEDO NUEVO LEON,7.73,7,50 de 70,30,25,4.6031747,0.71428573,0.8333333,5
13565515,Martí=inez,Moreno,Angeles,18,AVENIDA MIGUEL HIDALGO Y COSTILLA 1215 Mexico y Nicolas Ballesteros 58128 N *CENTENARIO MORELIA MORELIA MICHOACAN,7,1,10 de 10,5,5,7.0,1.0,1.0,5
9430780,Zidan,Ibañez,Zoe,23,Carretera Morelia-Patzcuaro km23 318 Carretera Morelia Patzcuaro esquina con Dolores 58450 N *LAGUNILLAS MLM LAGUNILLAS LAGUNILLAS MICHOACAN,7.76,6,50 de 60,25,25,6.4666667,0.8333333,1.0,5
38023971,Garcia,Ibañez,Luis,26,Av. Tulum Mzna. 6 Lt. 3 Av. Toltecas y Av. Zapotecas 54696 N *EL DORADO HUEHUETOCA HUEHUETOCA MEXICO ,8.28,9,78 de 90,43,39,6.5077343,0.8666667,0.90697676,5
25531015,Sanchez,Beltran,Zoe,19,CARRETERA A SAN FELIPE S/N DESVIACION A CARRETERA EJIDO NAYARIT 21730 S LA PUERTA MEXICALI MEXICALI BAJA CALIFORNIA,8,2,12 de 20,6,6,4.8,0.6,1.0,5
22609173,Rodriguez,Maldonado,Tania,20,AV. REVOLUCION ESQ. CON C. ENSENADA 766 S. VALENTIN Y MEXICALI 21440 S EL REFUGIO TECATE TECATE BAJA CALIFORNIA,6.79,3,22 de 30,14,11,3.909864,0.73333335,0.78571427,5
5612766,Vega,Caballero,Arturo,20,ROMUALDO GALLARDO S/N JOSE MARIA IGLESIAS Y LAZARO MORALES 22706 S BENITO JUAREZ PLAYAS DE ROSARITO PLAYAS DE ROSARITO BAJA CALIFORNIA,6.8,3,12 de 30,10,6,1.6320002,0.4,0.6,5
40274185,Zidan,Calvo,Julio,20,Paseo Ensenada 1455 calle Lluvia 22500 S PLAYAS DE TIJUANA TIJUANA TIJUANA BAJA CALIFORNIA,7.31,3,26 de 30,13,13,6.3333335,0.8666667,1.0,5
25061353,Sanchez,Perez,Pablo,19,LIBRAMIENTO SUR 2508 primer ayuntamiento y estado 29 22889 S HIDALGO ENSENADA ENSENADA BAJA CALIFORNIA,8.1,2,16 de 20,10,8,5.1840005,0.8,0.8,5
36956253,Cruz,Orihuela,Julio,23,PASEO DE LAS ROSAS 2 JOAQUIN PARDAVE Y C.28 22523 S CAÑON DE LAS ROSAS TIJUANA TIJUANA BAJA CALIFORNIA,7.54,6,42 de 60,28,21,3.95625,0.7,0.75,5
3163268,Fernandez,Orihuela,Jose,25,BLVD. CUCAPAH 20369 BLVD. INSURGENTES Y AV. GRANDES LAGOS 22210 S EL LAGO TIJUANA TIJUANA BAJA CALIFORNIA,7.26,8,60 de 80,35,30,4.665306,0.75,0.85714287,5
894537,Gonzales,Codoño,Ingrid,23,BLVD. INSURGENTES SN BLVD. CUCAPAH Y BLVD BERNARDO OHIGGINS 22210 S EL LAGO TIJUANA TIJUANA BAJA CALIFORNIA,7.31,6,44 de 60,29,22,4.0669045,0.73333335,0.7586207,5
36070668,Gomez,Montoya,Julio,20,ESPINO ALBAR 9502 C. DEDALERA Y C. ESPOEGO 22245 S EL FLORIDO 4 TIJUANA TIJUANA BAJA CALIFORNIA,6.93,3,20 de 30,14,10,3.2993197,0.6666667,0.71428573,5
13459330,Martí=inez,Arango,Oscar,25,GASTELUM ESQ. CALLE SEGUNDA S/N MIRAMAR Y GASTELUM 22800 S ENSENADA CENTRO ENSENADA ENSENADA BAJA CALIFORNIA,7.32,8,64 de 80,38,32,4.928532,0.8,0.84210527,5
18575576,Ocampo,Trasmiera,Rafael,24,AV. LAS PALMAS,7.5,7,46 de 70,30,23,3.7785716,0.6571429,0.76666665,5
15023701,Chaves,Ibañez,Pablo,27,S/N SANTA BARBARA Y SANTA MONICA 22106 S LAS PALMAS TIJUANA TIJUANA BAJA CALIFORNIA,7.41,10,84 de 100,49,42,5.333877,0.84,0.85714287,5
39833160,Vega,Crespo,Rosa,20,BLVD LAS AMERICAS Y ESQ. DE LAS LOMAS 13209 AV. DE LOS HEROES Y CRUZADA GUIA ROJI 22415 S BUENAVISTA TIJUANA TIJUANA BAJA CALIFORNIA,6.82,3,14 de 30,11,7,2.0247934,0.46666667,0.6363636,5
17176163,Spencer,Esteban,Pablo,22,Blvd Cristobal Diaz 796 Calle Rocha y Blvd Cristobal Diaz 27444 N JOSE T LUNA MATAMOROS MATAMOROS COAHUILA ,8.04,5,42 de 50,24,21,5.910625,0.84,0.875,5
20907862,Japon,Arango,Ezra,23,C. ALBERTO N SWAIN 13 PERIFERICO RAUL LOPEZ SANCHEZ 27019 N CIUDAD INDUSTRIAL TORREON TORREON COAHUILA ,7.48,6,52 de 60,29,26,5.8141894,0.8666667,0.8965517,5
33334621,Fernandez,Llanos,Ivan,24,BAJA CALIFORNIA 7111 ISLAS PARRA Y SONORA 22190 S CAMINO VERDE TIJUANA TIJUANA BAJA CALIFORNIA ,7.43,7,48 de 70,30,24,4.0777144,0.6857143,0.8,5
25521268,Spencer,Crespo,Thiago,27,VENUSTIANO CARRANZA S/N COLIMA 25280 N REPUBLICA SALTILLO SALTILLO COAHUILA,7.55,10,84 de 100,49,42,5.4367347,0.84,0.85714287,5
6415855,Vega,Esteban,Paulina,18,Blvd. Jesus Valdez Sanchez 254-c esq. Cenzontle 25298 N LA AURORA SALTILLO SALTILLO COAHUILA,7,1,10 de 10,5,5,7.0,1.0,1.0,5
41137591,Fernandez,Montoya,Ernesto,22,Altamirano s/n esquina con allende 3000 S LA PAZ CENTRO LA PAZ LA PAZ BAJA CALIFORNIA SUR ,7.54,5,38 de 50,24,19,4.5375695,0.76,0.7916667,5
2539910,Perez,Orihuela,Ingrid,23,BLVD OSCAR VELEZ SN OSACR VELEZ Y PANAMA 25070 N LOURDES SALTILLO SALTILLO COAHUILA,8,6,46 de 60,27,23,5.2246914,0.76666665,0.8518519,5
13033866,Garcia,Lopez,Ernesto,27,FELIPE ANGELES S/N REFORMA Y ANDADOR SIRIO 20676 N COSMOS PABELLON DE ARTEAGA PABELLON DE ARTEAGA AGUASCALIENTES,7.52,10,86 de 100,50,43,5.5617924,0.86,0.86,5
24774833,De la Merced,Perez,Ivan,19,ZARAGOZA 405 C. PRIMO VERDAD Y PEDRO PARGA 20376 N CENTRO DE ARRIBA AGUASCALIENTES AGUASCALIENTES AGUASCALIENTES,6.6,2,4 de 20,5,2,0.52800006,0.2,0.4,5
8605944,Lopez,Beltran,Sebastian,23,AVENIDA REFORMA 1393 ESQUINA CON CALLE F 21100 S SEGUNDA SECCION MEXICALI MEXICALI BAJA CALIFORNIA,7.65,6,46 de 60,26,23,5.1908774,0.76666665,0.88461536,5
1152697,Rodriguez,Pastor,Saul,23,PAEZ URQUIDI 5698 CALLES 49 Y 38A 24120 N SANTA MARGARITA CARMEN CIUDAD DEL CARMEN CAMPECHE,7.43,6,46 de 60,28,23,4.6782312,0.76666665,0.8214286,5
7586359,Ocampo,Arango,Ingrid,26,PERIFERICO L.E.A. S/N FRESNOS Y PALMA 25160 N DEL VALLE SALTILLO SALTILLO COAHUILA,7.36,9,72 de 90,42,36,5.0448985,0.8,0.85714287,5
5352463,Sanchez,Alfa,Angeles,22,AV. NAZARIO ORTIZ 407 AV. PARQUE VIA ESQ. NAZARIO ORTIZ 20169 N SANTA ANITA AGUASCALIENTES AGUASCALIENTES AGUASCALIENTES,7.5,5,36 de 50,20,18,4.86,0.72,0.9,5
40644543,Lopez,Codoño,Mauricio,18,AV. DEL IMAN 20 AV. AZTECAS Y CUAUHTEMOC 4300 N AJUSCO COYOACAN CIUDAD DE MEXICO CIUDAD DE MEXICO,7.4,1,8 de 10,5,4,4.736,0.8,0.8,5
26237908,Ruiz,Esteban,Rafael,26,CALLE TOPACIO Y SOLADITA S/N CALLE TOPACIO Y SOLADITA 31650 N AQUILES SERDAN AQUILES SERDAN AQUILES SERDAN CHIHUAHUA,7.12,9,66 de 90,40,33,4.310625,0.73333335,0.825,5
23886469,Gonzales,Tesafaye,Ernesto,21,IGNACIO MEJIA S/N IGNACIO MEJIA Y LERDO 32020 S MONUMENTO JUAREZ CIUDAD JUAREZ CHIHUAHUA,7.26,4,30 de 40,19,15,4.3005543,0.75,0.7894737,5
19032518,Garcia,Ibañez,Ingrid,19,Av. Akolliman 904 Esq. Xallipan 28979 N VILLA IZCALLI CAXITLAN VILLA DE ALVAREZ VILLA DE ALVAREZ COLIMA ,7.88,2,14 de 20,8,7,4.823437,0.7,0.875,5
7959165,Spencer,Ramirez,Raul,25,13 CALLE ORIENTE SUR 931 SOBRE LA 13 ORIENTE 29000 N TUXTLA GUTIERREZ CENTRO TUXTLA GUTIERREZ TUXTLA GUTIERREZ CHIAPAS,7.8,8,70 de 80,40,35,5.971875,0.875,0.875,5
6751855,Esquivel,Orihuela,Ivan,18,Avenida cuitlahuac 2939 Poniente 62 y poniente 54 2840 N OBRERO POPULAR AZCAPOTZALCO CIUDAD DE MEXICO CIUDAD DE MEXICO,7.4,1,8 de 10,5,4,4.736,0.8,0.8,5
34897391,Lopez,Calvo,Alvaro,18,RIO MIXCOAC 88 LOCAL A,7.4,1,10 de 10,5,5,7.4,1.0,1.0,5
40580476,De la Merced,Trasmiera,Rosa,23,LAS HUERTAS Y BUFALO 3230 N ACTIPAN BENITO JUAREZ CIUDAD DE MEXICO CIUDAD DE MEXICO,7,6,40 de 60,27,20,3.45679,0.6666667,0.7407407,5
19313155,Sanchez,Arango,Ingrid,18,Ahorro Postal 179 Ahorro Postal esquina Eje Central Lázaro Cardenas 3420 N MIGUEL ALEMAN BENITO JUAREZ CIUDAD DE MEXICO CIUDAD DE MEXICO,7.6,1,8 de 10,5,4,4.864,0.8,0.8,5
11417459,De la Merced,Maldonado,Alvaro,24,AV. REVOLUCION 1134 JOSE MARIA VELASCO Y DIEGO BECERRA 3900 N SAN JOSE INSURGENTES BENITO JUAREZ CIUDAD DE MEXICO CIUDAD DE MEXICO,7.46,7,58 de 70,35,29,5.1195574,0.82857144,0.82857144,5
24574960,Lizarraga,Arango,Javier,26,AV. LOMBARDO TOLEDANO S/N LOMBARDO TOLEDANO 31074 N ROBINSON CHIHUAHUA CHIHUAHUA CHIHUAHUA,7.91,9,70 de 90,43,35,5.0057087,0.7777778,0.81395346,5
22670163,Japon,Calvo,Tania,24,Av. Azcapotzalco 730 LOCAL A AV. AZCAPOTZALCO 2000 N AZCAPOTZALCO CENTRO AZCAPOTZALCO CIUDAD DE MEXICO CIUDAD DE MEXICO,7.54,7,56 de 70,35,28,4.827429,0.8,0.8,5
39249137,Garcia,Lopez,Angeles,18,Av. Juarez Porvenir s/n Av. Juarez Porvenir y Puerto Dunquerque 32599 S AGUILAS DE ZARAGOZA JUAREZ CIUDAD JUAREZ CHIHUAHUA ,7.8,1,8 de 10,5,4,4.992,0.8,0.8,5
6355993,Hernandez,Beltran,Paola,21,CALZADA DESIERTO DE LOS LEONES 5051 BARANQUILLA Y FRENOSTITA 1700 N TETELPAN ALVARO OBREGON CIUDAD DE MEXICO CIUDAD DE MEXICO,7.67,4,24 de 40,15,12,3.68,0.6,0.8,5
39646601,Martí=inez,Moreno,Paola,19,Miguel Lerdo de Tejada 394 Francita y Cerro Azul 2470 N PETROLERA AZCAPOTZALCO CIUDAD DE MEXICO CIUDAD DE MEXICO,7.3,2,12 de 20,10,6,2.6280003,0.6,0.6,5
1196805,Rodriguez,Calvo,Julio,24,CALZADA CUAUHTEMOC 245 BUENOS AIRES Y CARACAS 21230 S AVIACION MEXICALI MEXICALI BAJA CALIFORNIA,7.35,7,54 de 70,34,27,4.5044484,0.7714286,0.7941176,5
22938383,Esquivel,Calvo,Paola,19,Av. Ferrocarril 15 Avenida Eta y Carretera a Mapimí 35230 N BERMEJILLOMAPIMI MAPIMI DURANGO,6.83,2,10 de 20,6,5,2.8472223,0.5,0.8333333,5
15679290,Chaves,Orihuela,Oscar,18,Guadalupe Victoria Lt. 1 Mz. 2 CH Esquina Constitución de Apatzingan 9219 N REFORMA EDUCATIVA IZTAPALAPA CIUDAD DE MEXICOCIUDAD DE MEXICO,7,1,8 de 10,5,4,4.48,0.8,0.8,5
9320803,Spencer,Llanos,Julio,27,M.LUIS OPRTIGOZA 4 MIGUEL BERNARD Y OTHON DE MENDIZABAL 7320N LA ESCALERAGUSTAVO A MADERO CIUDAD DE MEXICO CIUDAD DE MEXICO F,7.27,10,74 de 100,49,37,4.059675,0.74,0.75510204,5
4081626,Martí=inez,Codoño,Paola,21,ELIX ROMERO 193 AV. EDUARDO MILINA 7469 N CONSTITUCION DE LA REPUBLICA GUSTAVO A MADERO CIUDAD DE MEXICO CIUDAD DE MEXICO,6.94,4,28 de 40,17,14,4.001384,0.7,0.8235294,5
12015386,Martí=inez,Moreno,Ernesto,26,SIERRA SANTA ROSA 156 ESQUINA CALLE 6 11650 N REFORMA SOCIAL MIGUEL HIDALGO CIUDAD DE MEXICO CIUDAD DE MEXICO,7.93,9,78 de 90,44,39,6.0930786,0.8666667,0.8863636,5
30029060,Cruz,Gallon,Luis,25,AV. CAMINO SAN JUAN DE ARAGON 914 CALLE TLACOTLALPAN 7580 N CASAS ALEMAN GUSTAVO A MADERO CIUDAD DE MEXICO CIUDAD DE MEXICO,7.41,8,66 de 80,37,33,5.4489775,0.825,0.8918919,5
31992491,Chaves,Esteban,Raul,25,CARR. LIBRE GUANAJUATO-SILAO KM 5.5 LAS PALMAS Y ENTRADA A LAS TERESAS 36251 N MARFIL GUANAJUATO GUANAJUATO GUANAJUATO,7.51,8,54 de 80,35,27,3.912796,0.675,0.7714286,5
30845926,Japon,Trasmiera,Arturo,22,Alfonso Reyes Esquina Altata 248 Altata y Ometusco 6170 N HIPODROMO DE LA CONDESA CUAUHTEMOC CIUDAD DE MEXICO CIUDAD DE MEXICO,7.14,5,40 de 50,22,20,5.1900826,0.8,0.90909094,5
9762873,Zidan,Codoño,Mauricio,22,Avenida Patriotismo 9 Patriotismo y Esquina Benjamin Franklin 6170 N HIPODROMO DE LA CONDESA CUAUHTEMOC CIUDAD DE MEXICO CIUDAD DE MEXICO,7.5,5,34 de 50,20,17,4.335,0.68,0.85,5
20471476,Sanchez,Prieto,Javier,23,Aquiles Serdan S/N Esq. Dolores del Rio 34076 N LOS ANGELES DURANGO DURANGO DURANGO ,7.48,6,44 de 60,25,22,4.827093,0.73333335,0.88,5
23558267,Ocampo,Esteban,Ivan,18,BLVD. SATURNO S/N PADRE TIZIANO PUTTIN 37258 N LOS ANGELES LEON LEON GUANAJUATO,7.2,1,8 de 10,5,4,4.608,0.8,0.8,5
28320527,Cruz,Lopez,Mauricio,27,Alud 5 Niebla y Circunvalación Oriente 37168 N CENTRO COMERCIAL INSURGENTES LEON LEON GUANAJUATO,7.76,10,86 de 100,46,43,6.239064,0.86,0.9347826,5
1048845,Spencer,Ibañez,Luis,21,Madre Selva 213Calle de las Camelinas y Andador Enredadera 37288 N EYUPOL LEON LEON GUANAJUATO,7.61,4,32 de 40,18,16,5.412346,0.8,0.8888889,5
24865904,Rodriguez,Alfa,Zoe,24,Avenida Norte 65 BIS Revoluciòn y Dolores Hidalgo 37800 N CIUDAD DOLORES HIDALGO DOLORES HIDALGO DOLORES HIDALGO GUANAJUATO,8.03,7,58 de 70,34,29,5.6745667,0.82857144,0.85294116,5
8522686,Esquivel,Pastor,Arturo,18,BLVD. MIGUEL DE CERVANTES SAAVEDRA 2508 MANUEL DE AUSTRI Y PLATA 37319 N SAN JOSE OBRERO LEON LEON GUANAJUATO,8.4,1,10 de 10,5,5,8.4,1.0,1.0,5
36680829,Gonzales,Lopez,Mauricio,24,20 de enero 1014 16 de septiembre y constansa 37320 N OBREGON LEON LEON GUANAJUATO ,7.47,7,50 de 70,30,25,4.4444447,0.71428573,0.8333333,5
28071855,Barquín,Orihuela,Paola,21,BLVD HIDALGO 1030 AV. GUANAJUATO Y AV. ALHONDIGA 37329 N HIDALGO LEON LEON GUANAJUATO,8.53,4,28 de 40,15,14,5.5751114,0.7,0.93333334,5
1723422,Gonzales,Gallon,Julio,23,PASCAL-KANT 303 CALDERON Y BLVD. P. JOYAS DE CASTILLA 37355 N BALCONES DE LA JOYA LEON LEON GUANAJUATO,7.43,6,44 de 60,28,22,4.280272,0.73333335,0.78571427,5
1325358,Vega,Lopez,Mauricio,21,MADRE RAQUEL 102 MADRE RAQUEL Y ATOTONILCO 37549 N DIEZ DE MAYO LEON LEON GUANAJUATO,7.2,4,22 de 40,15,11,2.9040003,0.55,0.73333335,5
24314329,Pilar,Calvo,Javier,27,TURQUEZA 117 JUAN DE ZUMARRAGA 37380 N GUADALUPE LEON LEON GUANAJUATO,7.8,10,86 de 100,49,43,5.883532,0.86,0.877551,5
1636013,Sanchez,Calvo,Alvaro,18,AGUSTIN YAÑEZ 118 ESQUINA RAMON CORONA Y ZARATE 47900 N JAMAY JAMAY JAMAY JALISCO,8.8,1,10 de 10,5,5,8.8,1.0,1.0,5
19117150,Japon,Crespo,Oscar,26,Libertad 293 Matamoros 48300 N PUERTO VALLARTA CENTRO PUERTO VALLARTA PUERTO VALLARTA JALISCO,7.88,9,66 de 90,40,33,4.7643747,0.73333335,0.825,5
28079769,Gonzales,Prieto,Javier,20,Niños Heroes 7 lt.3 Benito Jurez y Venustiano Carranza 54160 N SAN JUAN IXTACALA TLALNEPANTLA TLALNEPANTLA DE BAZ MEXICO,6.92,3,22 de 30,13,11,4.2958584,0.73333335,0.84615386,5
15074189,Silverio,Arango,Julio,23,AV RIO NILO 3268 RUBEN DARIO Y LUIS ALFREDO PIÑA 44860 N JARDINES DEL NILO 1RA SECC GUADALAJARA GUADALAJARA JALISCO,7.57,6,50 de 60,28,25,5.6335034,0.8333333,0.89285713,5
28422236,Hernandez,Trasmiera,Pablo,19,Fernando Montes de Oca 32 Av. Toltecas y Av. Martin Luis Guzman 54020 N TEQUESQUINAHUAC TLALNEPANTLA TLALNEPANTLA DE BAZ MEXICO ,8.4,2,10 de 20,5,5,4.2,0.5,1.0,5
28359707,Pilar,Orihuela,Pablo,27,JUAREZ 641 12 DE OCTUBRE 49600 N ZAPOTILTIC ZAPOTILTIC ZAPOTILTIC JALISCO ,7.76,10,78 de 100,46,39,5.1322966,0.78,0.84782606,5
19446269,Gomez,Codoño,Paola,24,Plutarco Elias Calles 800,8.27,7,58 de 70,33,29,6.0236917,0.82857144,0.8787879,5
41081058,Silverio,Montoya,Paola,23,Pablo Valdez y Esteban a la Torre 44750 N LIBERTAD GUADALAJARA GUADALAJARA JALISCO,7.5,6,42 de 60,26,21,4.2403846,0.7,0.8076923,5
10964971,Rodriguez,Llanos,Javier,19,MIGUEL HIDALGO Y COSTILLA 2 CALZADA LAS ARMAS - LUIS ECHEVERRIA ALVAREZ 53320 N DIEZ DE ABRIL NAUCALPAN NAUCALPAN DE JUAREZ MEXICO,8.56,2,16 de 20,9,8,6.0839505,0.8,0.8888889,5
40098190,Fernandez,Perez,Paola,18,Carr. Melaque - Pto. Vallarta Km.127.45 Entronque Tomatlan 48450 N TOMATLAN TOMATLAN TOMATLAN JALISCO,6.8,1,6 de 10,5,3,2.4480004,0.6,0.6,5
37362756,Sanchez,Caballero,Zoe,19,Lombardo Toledano Mzn. 1 Lote 5 Esquina Los Cedros 50016 N GEO VILLAS DE LA INDEPENDENCIA TOLUCA TOLUCA MEXICO,7.22,2,12 de 20,9,6,2.888889,0.6,0.6666667,5
22897734,Chaves,Gallon,Thiago,24,FRESNOS MZ18 LT19A CIPRES Y CEDRO 54126 N TABLA HONDA TLALNEPANTLA TLALNEPANTLA DE BAZ MEXICO,7.56,7,58 de 70,34,29,5.341992,0.82857144,0.85294116,5
3614487,Ocampo,Saenz,Mauricio,26,DEL TALLER RET 29 2 ESQUINA AV. DEL TALLER 15900 N JARDIN BALBUENA VENUSTIANO CARRANZA CIUDAD DE MEXICO CIUDAD DE MEXICO ,7.47,9,70 de 90,43,35,4.725978,0.7777778,0.81395346,5
16743049,Barquín,Tesafaye,Saul,26,Prolongacion Ignacio Aldama 52 A Ignacio Zaragoza y Lazaro Cardenas 36905 N CHURIPITZEO PENJAMO PENJAMO GUANAJUATO ,7.76,9,70 de 90,42,35,5.0308642,0.7777778,0.8333333,5
2892033,Pilar,Codoño,Zoe,20,AVENIDA MEXICO 6106 AVENIDA 20 DE NOVIEMBRE Y MARTIRES DE RIO BLANCO 16030 N HUICHAPAN XOCHIMILCO CIUDAD DE MEXICO CIUDAD DE MEXICO,8.67,3,30 de 30,15,15,8.666667,1.0,1.0,5
343694,Ackerman,Orihuela,Ivan,20,GUADALUPE I. RAMIREZ 256 PROLONGACION DIVUSION DEL NORTE Y CALLE ZACATECAS 16050 N SAN MARCOS XOCHIMILCO CIUDAD DE MEXICO CIUDAD DE MEXICO,7.5,3,18 de 30,12,9,3.3750002,0.6,0.75,5
23138055,Perez,Moreno,Jose,24,Calzada Camino a Nativitas 537 Ciclamen y Madre Selva 16090 N XALTOCAN XOCHIMILCO CIUDAD DE MEXICO CIUDAD DE MEXICO,7.34,7,54 de 70,35,27,4.3697495,0.7714286,0.7714286,5
15649476,Lopez,Beltran,Zoe,21,Sector 2 Manzana 200 22 Esq. Calle Cuauhtémoc 39715 N RENACIMIENTO ACAPULCO DE JUAREZ ACAPULCO DE JUAREZ GUERRERO ,7.82,4,26 de 40,17,13,3.8887541,0.65,0.7647059,5
13047315,Lopez,Llanos,Arturo,23,AV.GUANAJUATO 1229 VILLA ROSITA 36590 N LOS ANGELES IRAPUATO IRAPUATO GUANAJUATO,7.52,6,42 de 60,25,21,4.4217596,0.7,0.84,5
8222731,Ocampo,Maldonado,Zoe,19,CAFETALES 318 PERIFERICO Y CALZ DEL HUESO 14330 N GRANJAS COAPA TLALPAN CIUDAD DE MEXICO CIUDAD DE MEXICO,7.5,2,10 de 20,6,5,3.125,0.5,0.8333333,5
24697667,Spencer,Arroyave,Thiago,23,CANAL DEL NORTE 274 ESQUINA CONGRESO DE LA UNION 15220 N POPULAR RASTRO VENUSTIANO CARRANZA CIUDAD DE MEXICO CIUDAD DE MEXICO,7.53,6,52 de 60,30,26,5.6583705,0.8666667,0.8666667,5
9450278,Perez,Prieto,Alvaro,27,NORTE 17 (EJE 1 NORTE) 241 ESQUINA CON ORIENTE 172 15530 N MOCTEZUMA 2DA SECC VENUSTIANO CARRANZA CIUDAD DE MEXICO CIUDAD DE MEXICO,7.37,10,80 de 100,49,40,4.8113284,0.8,0.81632656,5
22549209,Cruz,Moreno,Paulina,22,CARR. LIB SUR KM 6 PLANTA HONDA CELAYA 38140 NLA LUZ CELAYA CELAYA GUANAJUATO ,7.8,5,38 de 50,20,19,5.6316004,0.76,0.95,5
7520870,Fernandez,Moreno,Thiago,24,República del Salvador 4 Rep. del Salvador y Gral. Baltazar Leyva 39000 N CHILPANCINGO DE LOS BRAVOS CENTRO CHILPANCINGO DE LOS BRAVO CHILPANCINGO DE LOS BRAVO GUERRERO,7.2,7,48 de 70,30,24,3.9497142,0.6857143,0.8,5
5419391,De la Merced,Trasmiera,Zoe,25,Av. José Francisco Ruiz Massieu 1 Sin Nombre y Av. Circuito Deportivo 39070 N VILLA MODERNA CHILPANCINGO DE LOS BRAVO CHILPANCINGO DE LOS BRAVO GUERRERO,7.38,8,64 de 80,40,32,4.7200003,0.8,0.8,6
36680304,Ackerman,Arango,Pablo,18,Carretera Toluca - Ixtapan de la Sal Km.13.13 Av. Javier Ibarra y Lerdo de Tejada 52231 N SAN ANDRES OCOTLAN CALIMAYA CALIMAYA MEXICO,8.4,1,10 de 10,5,5,8.4,1.0,1.0,6
18635078,Ocampo,Maldonado,Julio,25,Ave. Lopez Mateos 4602 esq. Ave. De la Juventud 66480 N BOSQUES DEL NOGALAR SAN NICOLAS DE LOS GARZA SAN NICOLAS DE LOS GARZA NUEVO LEON,7.58,8,70 de 80,38,35,6.108033,0.875,0.92105263,6
1808532,Ocampo,Ibañez,Sebastian,25,AVENIDA RUIZ CORTINEZ 335 DR. ROMAN DE LOS SANTOS Y LA LUZ 67120 N LA LUZ GUADALUPE GUADALUPE (CIUDAD GUADALUPE) NUEVO LEON,7.92,8,62 de 80,36,31,5.283275,0.775,0.8611111,6
38267346,Fernandez,Ramirez,Rafael,18,Hidalgo 700Oriente Pino Suarez 67480 N CADEREYTA DE JIMENEZ CENTRO CADEREYTA JIMENEZ CADEREYTA JIMENEZ,7.6,1,8 de 10,5,4,4.864,0.8,0.8,6
12925142,Fernandez,Caballero,Rosa,25,NUEVO LEON CARR HUINALA - JUAREZ 201 CARLOS SALAZAR 66640 N HUINALA APODACA APODACA NUEVO LEON,7.03,8,52 de 80,37,26,3.2096422,0.65,0.7027027,6
24234395,Cruz,Saenz,Rafael,23,VAQUERIAS S/N XOCHIMILCO 67195 N VAQUERIAS GUADALUPE GUADALUPE (CIUDAD GUADALUPE) NUEVO LEON,7.3,6,38 de 60,27,19,3.2518058,0.6333333,0.7037037,6
17288815,Silverio,Maldonado,Angeles,27,Real de San Pablo Mzn 31 Lote 1 Esquina Lerma 50200 N SAN PABLO AUTOPAN TOLUCA TOLUCA MEXICO,7.6,10,84 de 100,48,42,5.589062,0.84,0.875,6
6565055,Ocampo,Arroyave,Ezra,20,MIGUEL HIDALGO 21 ESQ. FELIEE CHAVEZ 50200 N SAN PEDRO TOTOLTEPEC TOLUCA TOLUCA MEXICO,7.25,3,18 de 30,12,9,3.2625,0.6,0.75,6
2681433,Ocampo,Perez,Arturo,22,CARRETERA PANAMERICANA S/N VENUSTIANO CARRANZA 50300 N ACAMBAY ACAMBAY ACAMBAY MEXICO,7.22,5,36 de 50,23,18,4.066843,0.72,0.7826087,6
15754315,Gomez,Orihuela,Tania,27,PERIFERICO SUR 7980 INT.1-D COLON Y CAMINO AL ITESO 45601 N SANTA MARIA TEQUEPEXPAN TLAQUEPAQUE TLAQUEPAQUE JALISCO,7.69,10,88 de 100,49,44,6.0797334,0.88,0.8979592,6
6266629,Hernandez,Prieto,Mauricio,23,AV. TABACHINES 3665 ESQ. RIO VERDE 45608 N LOMA BONITA PONIENTE TLAQUEPAQUE TLAQUEPAQUE JALISCO,7.96,6,50 de 60,27,25,6.1442614,0.8333333,0.9259259,6
1766562,Garcia,Gallon,Rafael,26,AV. SAN MARTIN 973 ESQ. ANGEL ZAPOPAN ROMERO 45620 N SAN MARTIN DE LAS FLORES TLAQUEPAQUE TLAQUEPAQUE JALISCO,7.14,9,76 de 90,44,38,5.2044997,0.84444445,0.8636364,6
30325980,Vega,Maldonado,Paola,21,Plan de Ayala Esq. Coronel Ahumada 601-B Prolongacion San Juan y Juan Dubernard 62350 N LOMAS DEL MIRADOR CUERNAVACA CUERNAVACA MORELOS,6.93,4,24 de 40,15,12,3.328,0.6,0.8,6
35727737,Garcia,Esteban,Rafael,25,Rio Mayo s/n Cibeles antes calloe norte 62360 N JARDINES DE CUERNAVACA CUERNAVACA CUERNAVACA MORELOS,7.72,8,68 de 80,39,34,5.719198,0.85,0.8717949,6
12385262,Pilar,Perez,Alvaro,27,Insurgentes 726 Agua azul y Palo grande 62749 N CUAUTLIXCO CUAUTLA CUAUTLA MORELOS,7.38,10,76 de 100,48,38,4.4372916,0.76,0.7916667,6
34199325,Martí=inez,Perez,Rosa,18,AV. LAGO DE GUADALUPE 462 NO APLICA 52928 N EJIDO SAN MIGUEL ATIZAPAN DE ZARAGOZA CIUDAD ADOLFO LOPEZ MATEOS MEXICO,6.6,1,8 de 10,5,4,4.2240005,0.8,0.8,6
12495637,Chaves,Arroyave,Andres,27,Av Tecnologico 4728 Dentro de Gasolinera 63194 N PUENTE DE SAN CAYETANO TEPIC TEPIC NAYARIT,6.83,10,66 de 100,47,33,3.1649525,0.66,0.70212764,6
16813324,Gomez,Arroyave,Oscar,26,AVENIDA HIDALGO S/N JAVIER MINA 54350 N CHAPA DE MOTA CHAPA DE MOTA CHAPA DE MOTA MEXICO,7.81,9,76 de 90,42,38,5.9666414,0.84444445,0.9047619,6
19541235,Japon,Arroyave,Paola,24,ZARAGOZA 649 PTE ENTRE EJIDO Y CONSTRUCCION 63080 N HERIBERTO CASAS TEPIC TEPIC,7.19,7,50 de 70,32,25,4.010882,0.71428573,0.78125,6
20791493,Hernandez,Llanos,Paola,22,NAYARIT 5 DE MAYO 146 5 DE MAYO 54963 N SAN MARTIN TULTEPEC SANTA MARIA TULTEPEC MEXICO,6.76,5,28 de 50,21,14,2.5244443,0.56,0.6666667,6
32289604,Ocampo,Orihuela,Sebastian,21,MORELIA SUR SN CALLE MEXICO Y GUADALAJARA 55075 N JARDINES DE MORELOS 5TA SECC ECATEPEC ECATEPEC DE MORELOS MEXICO,7.4,4,24 de 40,15,12,3.5520003,0.6,0.8,6
28924538,Pilar,Gallon,Mauricio,20,Av. Rio Bravo 41 Río Bravo y Calle 1 Oriente 55080 N NUEVO LAREDO ECATEPEC ECATEPEC DE MORELOS MEXICO,7.71,3,20 de 30,14,10,3.6734695,0.6666667,0.71428573,6
11408593,Zidan,Arango,Sebastian,20,AV. GALLINEOS Y AV. EL HUERFANO S/N Esq. Huerta 55770 N HACIENDA OJO DE AGUA TECAMAC TECAMAC DE FELIPE VILLANUEVA MEXICO,7.5,3,24 de 30,14,12,5.1428576,0.8,0.85714287,6
8989107,Vega,Caballero,Tania,21,CALLE 20 DE NOVIEMBRE 18 CALLE 20 DE NOVIEMBRE 55771N SAN PEDRO ATZOMPA TECAMAC TECAMAC DE FELIPE VILLANUEVA MEXICO,7.95,4,32 de 40,20,16,5.0880003,0.8,0.8,6
35832059,Ruiz,Ramirez,Rosa,23,AV. DEL PEÑON ESQ. POCHTECAS S/N COA Y MEXICA 56366 N TALLADORES CHIMALHUACAN CHIMALHUACAN MEXICO ,7.42,6,44 de 60,26,22,4.606115,0.73333335,0.84615386,6
3067406,Ruiz,Montoya,Thiago,20,AV. DEL TRABAJO 1 ESQUINA CON FRANCISCO I MADERO Y VICENTE VALENCIA 56000 N TEZOYUCA TEZOYUCA TEZOYUCA MEXICO,8,3,18 de 30,10,9,4.32,0.6,0.9,6
14832423,Cruz,Trasmiera,Pablo,26,TOLTECAS 64 BOULEVARD DE LOS AZTECAS 55120 N CIUDAD AZTECA 1RA SECC ECATEPEC ECATEPEC DE MORELOS MEXICO ,7.67,9,78 de 90,45,39,5.7585187,0.8666667,0.8666667,6
10046790,Garcia,Ramirez,Ivan,26,TIZAPAN LOTE 1 XOCHIMILCO Y BOULEVARD DE LOS TEOCALLIS 55120 N CIUDAD AZTECA 1RA SECC ECATEPEC ECATEPEC DE MORELOS MEXICO,7.64,9,80 de 90,44,40,6.170799,0.8888889,0.90909094,6
27122453,Pilar,Saenz,Pablo,25,16 DE SEPTIEMBRE 6 BARTOLOME FLORES 55700 N SAN FRANCISCO COACALCO COACALCO DE BERRIOZABAL MEXICO,7.74,8,68 de 80,38,34,5.8840723,0.85,0.8947368,6
39141364,Perez,Moreno,Ezra,22,ORQUIDEAS MZNA 94 BLVD COACALCO 55710 N VILLA DE LAS FLORES 1RA SECC COACALCO COACALCO DE BERRIOZABAL MEXICO ,6.86,5,30 de 50,22,15,2.8078516,0.6,0.6818182,6
24287423,Hernandez,Lopez,Luis,22,JONAS EDWARD SALK 48 JOHN N. BAYRD 55726 N  GRANJAS SAN CRISTOBAL COACALCO COACALCO DE BERRIOZABAL MEXICO,7.67,5,40 de 50,24,20,5.111111,0.8,0.8333333,6
36820648,Fernandez,Codoño,Rosa,25,Hank Gonzalez 65-B Loma Bonita 55738 N LOMA BONITA COACALCO COACALCO DE BERRIOZABAL MEXICO,7.89,8,70 de 80,38,35,6.3625345,0.875,0.92105263,6
21117125,Garcia,Crespo,Saul,22,16 de septiembre s/n Esq. Texcoco 55740 N TECAMAC DE FELIPE VILLANUEVA CENTRO TECAMAC TECAMAC DE FELIPE VILLANUEVA MEXICO,7.62,5,40 de 50,24,20,5.0833335,0.8,0.8333333,6
36850048,Vega,Maldonado,Ingrid,19,CARRETERA FEDERAL MEXICO-PACHUCA KM 46.5 S/N INCORPORACION AUTOPISTA MEXICO PACHUCA 55755 N LOS REYES ACOZAC TECAMAC TECAMAC DE FELIPE VILLANUEVA MEXICO,7,2,10 de 20,6,5,2.9166665,0.5,0.8333333,6
6931065,Garcia,Ramirez,Ernesto,18,VIA REAL 116 VIA REAL 55760 N SAN FRANCISCO CUAUTLIQUIXCO TECAMAC TECAMAC DE FELIPE VILLANUEVA MEXICO,6.8,1,6 de 10,5,3,2.4480004,0.6,0.6,6
10660406,Spencer,Crespo,Zoe,18,CARR. MEXICO CUAUTLA KM. 53.5 CUAUTLA 56941 N ALDEA DE LOS REYES AMECAMECA AMECAMECA,8.6,1,10 de 10,5,5,8.6,1.0,1.0,6
23837924,Fernandez,Prieto,Jose,21,MEXICO SM 62 MZ 06 LOTE 20 -03 20-mar ESQ CALLE 45 77513 S SUPERMANZANA 62 BENITO JUAREZCANCUN QUINTANA ROO,8,4,30 de 40,16,15,5.625,0.75,0.9375,6
35582298,Garcia,Moreno,Thiago,21,RUTA 5 4 RUTA 5 Y AV CHAC MOOL 77518 S REGION 100 BENITO JUAREZ CANCUN QUINTANA ROO,7.42,4,34 de 40,19,17,5.6439056,0.85,0.8947368,6
23312794,Lopez,Perrer,Ingrid,19,AVENIDA HUNAB KU ESQ AV. ICH XEEL S/N HUNAB KU Y AV. ICH XEEL 77710 S CENTRO SOLIDARIDAD PLAYA DEL CARMEN QUINTANA ROO,6.78,2,12 de 20,9,6,2.711111,0.6,0.6666667,6
36623312,Cruz,Perez,Ezra,20,Av. Kantenah LT 01 Av. Kantenah esq. Av. Paseo Central 77710 S CENTRO SOLIDARIDAD PLAYA DEL CARMEN QUINTANA ROO,7.4,3,14 de 30,10,7,2.4173334,0.46666667,0.7,6
7056308,Gomez,Arango,Angeles,25,Avenida Tlahuac 1548 Esquina 2da cerrada 9860 N CERRO DE LA ESTRELLA IZTAPALAPA CIUDAD DE MEXICO CIUDAD DE MEXICO,7.19,8,52 de 80,36,26,3.3773918,0.65,0.7222222,6
12955936,Sanchez,Trasmiera,Oscar,25,CARR  SAN LUIS-RIO VERDE 1710 sobre carretera 78420 N LOS JASSOS SAN LUIS POTOSI SAN LUIS POTOSI SAN LUIS POTOSI ,7.57,8,58 de 80,35,29,4.5482655,0.725,0.82857144,6
32538580,De la Merced,Ramirez,Ernesto,20,LORENA 397 CALLE DANIELA Y ARCO DE BELEM 78430 N SOLEDAD DE GRACIANO SANCHEZ CENTRO SOLEDAD DE GRACIANO SANCHEZ SOLEDAD DE GRACIANO SANCHEZ SAN LUIS POTOSI,7.93,3,28 de 30,15,14,6.9108152,0.93333334,0.93333334,6
16405616,De la Merced,Pastor,Sebastian,27,CONSTITUCION 1099 JOSE MARIA FLORES Y ARTEAGA 78349 N SAN SEBASTIAN SAN LUIS POTOSI SAN LUIS POTOSI SAN LUIS POTOSI,7.53,10,80 de 100,49,40,4.917951,0.8,0.81632656,6
4051138,Lopez,Beltran,Thiago,24,Zaragoza 106-A Galeana y Bravo 66350 N SANTA CATARINA CENTRO SANTA CATARINA SANTA CATARINA NUEVO LEON,7.84,7,50 de 70,31,25,4.515386,0.71428573,0.8064516,6
26863319,De la Merced,Beltran,Ivan,26,Fundadores 955 Av Adolfo Laubner y Pedro Ramirez Vazquez 66260 N VALLE DEL MIRADOR SAN PEDRO GARZA GARCIA SAN PEDRO GARZA GARCIA NUEVO LEON,7.7,9,72 de 90,43,36,5.1556516,0.8,0.8372093,6
23040323,Ackerman,Llanos,Paola,22,Padre Mier 498 Rayón y Aldama 64000 N MONTERREY CENTRO MONTERREY MONTERREY NUEVO LEON,7.71,5,36 de 50,24,18,4.1625004,0.72,0.75,6
3514981,Lizarraga,Alfa,Ezra,27,Luis Donaldo Colosio 500-B Tonosi y Tipitapa 64100 N CIUDAD SOLIDARIDAD MONTERREY MONTERREY,7.84,10,80 de 100,45,40,5.5782714,0.8,0.8888889,6
6975591,Vega,Codoño,Pablo,20,NUEVO LEON Ave. Gobernadores 4604 Ruiz Cortines y 12 de Octubre 64380 N BUROCRATAS DEL ESTADO MONTERREY MONTERREY NUEVO LEON,7.14,3,20 de 30,14,10,3.4013605,0.6666667,0.71428573,6
17199524,Barquín,Caballero,Ezra,18,Avenida Insurgentes 2121 L4 Anillo Periférico y de los Mirlos 64630 N SAN JEMO MONTERREY MONTERREY NUEVO LEON,7.6,1,10 de 10,5,5,7.6,1.0,1.0,6
39793871,Perez,Lopez,Ernesto,20,AV. LIBERTAD 308 ALLENDE Y MIGUEL HIDALGO 68300 N TUXTEPEC CENTRO SAN JUAN BAUTISTA TUXTEPEC TUXTEPEC (SAN JUAN BAUTISTA TUXTEPEC) OAXACA,7.55,3,18 de 30,11,9,3.7041323,0.6,0.8181818,6
21124778,Chaves,Alfa,Tania,26,RIO AMAZONAS 306 PRIVADA DE RIO NILO Y AV VENUS 68040 N LA CASCADA OAXACA DE JUAREZ OAXACA DE JUAREZ OAXACA,7.39,9,72 de 90,44,36,4.8347106,0.8,0.8181818,6
35090335,Ackerman,Arango,Sebastian,22,Av. Raul Salinas 603 Mariano Escobedo 66072 N HACIENDA LOS AYALA GENERAL ESCOBEDO GENERAL ESCOBEDO NUEVO LEON,7.4,5,44 de 50,25,22,5.73056,0.88,0.88,6
7170902,Martí=inez,Ibañez,Sebastian,25,PELICANOS 121 PELICANOS Y AV. DEL PALMAR. 63732 N SAYULITA BAHIA DE BANDERAS BAHIA DE BANDERAS NAYARIT ,7.57,8,72 de 80,40,36,6.1357493,0.9,0.9,6
34772588,De la Merced,Codoño,Zoe,21,AV SAN VICENTE 500 Entrada a Fracc. Palma Real 63737 N SAN VICENTE BAHIA DE BANDERAS BAHIA DE BANDERAS NAYARIT,7.76,4,30 de 40,17,15,5.138408,0.75,0.88235295,6
6282954,Barquín,Pastor,Andres,27,CAMINO A MORILLOTLA 3001 A 8 LOC 1 Y 2 ESQUINA CON CALLE RINCONADA FRENTE A FRACCIONAMIENTO RINCONADA 72810 N SAN ANDRES CHOLULA SAN ANDRES CHOLULA SAN ANDRES CHOLULA PUEBLA,7.09,10,66 de 100,46,33,3.3555202,0.66,0.7173913,6
28238236,Sanchez,Prieto,Rafael,23,AV ORION SUR 711 A CALLE TULIPANES 72810 N SAN ANDRES CHOLULA SAN ANDRES CHOLULA SAN ANDRES CHOLULA PUEBLA,7.61,6,42 de 60,28,21,3.9937499,0.7,0.75,6
29481198,Lizarraga,Montoya,Pablo,24,Gaspar de la Garza 430 Esq. con Yucatán 87020 N VALLE AGUAYO VICTORIA CIUDAD VICTORIA TAMAULIPAS ,7.26,7,54 de 70,35,27,4.318741,0.7714286,0.7714286,6
5613695,Ruiz,Ibañez,Luis,20,AUT. QRO-MEXICO SN NO ES ESQUINA 76729 N EL SAUZ BAJO PEDRO ESCOBEDO PEDRO ESCOBEDO QUERETARO,7.4,3,24 de 30,15,12,4.736,0.8,0.8,6
3310865,Hernandez,Trasmiera,Rosa,19,2 SUR 5904 CALLE VIOLETA 72580 N LAS BUGAMBILIAS PUEBLA PUEBLA PUEBLA,6.4,2,16 de 20,10,8,4.096,0.8,0.8,6
8093561,Cruz,Calvo,Paulina,20,Avenida de las Fuentes 1901 Juan Emeni Y Lluvia 76110 N JOSEFA ORTIZ DE DOMINGUEZ SANTIAGO DE QUERETARO QUERETARO QUERETARO ,7.69,3,22 de 30,13,11,4.7731757,0.73333335,0.84615386,6
988161,Gomez,Caballero,Javier,26,CIRCUITO MERLOT 3071 ESQ. AV MALBEC 76235 N *LOS VIÑEDOS SANTIAGO DE QUERETARO QUERETARO QUERETARO,7.12,9,60 de 90,40,30,3.5625,0.6666667,0.75,6
19355942,Cruz,Trasmiera,Raul,27,JARDINEROS 138 AV. PLATON Y ALBAÑILES 76148 N EL SABINO SANTIAGO DE QUERETARO QUERETARO QUERETARO,7.76,10,92 de 100,50,46,6.568064,0.92,0.92,6
36100003,Pilar,Lopez,Sebastian,19,CALLE 9 ORIENTE 2 BENITO JUAREZ 75480 N SAN NICOLAS TECAMACHALCO TECAMACHALCO PUEBLA,7,2,14 de 20,8,7,4.2875,0.7,0.875,6
41226927,Zidan,Arroyave,Luis,23,Calle Jesus Reyes Heroles S/N Blvd. Macario Gaxiola y Manuel Avila Camacho 81218 N PROF CONRADO ESPINOZA AHOME LOS MOCHIS SINALOA,8.15,6,46 de 60,26,23,5.5299797,0.76666665,0.88461536,6
10046727,Lopez,Trasmiera,Alvaro,19,HIDALGO 70 5 DE FEBRERO Y ESTIBADORES 96700 N MINATITLAN CENTRO MINATITLAN MINATITLAN VERACRUZ,6.75,2,12 de 20,8,6,3.0375001,0.6,0.75,6
22593298,Pilar,Lopez,Andres,18,Carretera Federal 125 Fortín-Huatusco KM 39+800 MZ 2 LT 296 CARRTERA FEDERAL CORDOBA-HUATUSCO 94100 N CENTRO HUATUSCO HUATUSCO VERACRUZ,7.2,1,10 de 10,5,5,7.2,1.0,1.0,6
2382449,Sanchez,Prieto,Mauricio,19,Boulevard Centenario s/n esquina con corregidora 85820 N CONSTITUCIONm NAVOJOA NAVOJOA SONORA,8,2,18 de 20,10,9,6.4799995,0.9,0.9,6
39172610,Gomez,Orihuela,Oscar,22,JOHN F KENNEDY 82 TERMOPILAS Y ALTAR 84063 S KENNEDY NOGALES NOGALES SONORA,7.95,5,40 de 50,21,20,6.058957,0.8,0.95238096,6
24294049,Martí=inez,Maldonado,Andres,18,MIGUEL HIDALGO 8 JOSE MARIA MORELOS Y 5 DE MAYO 79930 N AXTLA DE TERRAZAS AXTLA DE TERRAZAS AXTLA DE TERRAZAS,7.4,1,8 de 10,5,4,4.736,0.8,0.8,6
27850859,Esquivel,Arango,Ivan,23,SAN LUIS POTOSI BLV. FAUSTINO FELIX SERNA s/n s/n 85450 N LOMAS DE CORTES GUAYMAS GUAYMAS SONORA,7.81,6,46 de 60,26,23,5.2952166,0.76666665,0.88461536,6
8702157,Japon,Pastor,Julio,18,Carretera Comunal s/n no es esquina 85239 N LOMA DEL REFUGIO NAVOJOA NAVOJOA SONORA,8.2,1,10 de 10,5,5,8.2,1.0,1.0,6
2469127,De la Merced,Tesafaye,Jose,20,LUIS COLOSIO FERNANDEZ 39 DOMICILIO CONOCIDO EL TACICURI 84165 S EL TASICURI MAGDALENA MAGDALEN SONORA,7.08,3,18 de 30,12,9,3.1875002,0.6,0.75,6
12804747,Ocampo,Arango,Paulina,19,JIMENEZ S/N ESQUINA CON JUAN DE LA BARRERA 85235 N TIERRA BLANCA NAVOJOA NAVOJOA SONORA,7.5,2,14 de 20,8,7,4.59375,0.7,0.875,6
1162764,Japon,Pastor,Saul,23,Morelos s/n esq. calle Pesqueira 84980 N RAYON RAYON RAYON SONORA,6.83,6,46 de 60,30,23,4.0164814,0.76666665,0.76666665,6
33830662,Rodriguez,Orihuela,Paola,20,CARRETERA CUAUHTEMOC-YECORA S/N ESQUINA CON CALLE NOGALES 85780 N YECORA YECORA YECORA SONORA,8,3,28 de 30,14,14,7.4666667,0.93333334,1.0,6
9572329,Fernandez,Saenz,Saul,27,AVENIDA REFORMA AGRARIA 2108 ESQUINA CON CALLE 22 8348 S FEDERAL SAN LUIS RIO COLORADO SAN LUIS RIO COLORADO SONORA,8.06,10,88 de 100,49,44,6.3700128,0.88,0.8979592,6
36331695,Hernandez,Llanos,Alvaro,19,Av Villa de Reynosa S/N Villa de croix y VILLA GUEMEX 88795 S VILLAS DE LA JOYA AMPLIAICION REYNOSA REYNOSA TAMAULIPAS,7.5,2,16 de 20,8,8,6.0,0.8,1.0,6
16930246,Ackerman,Pastor,Pablo,25,BLVD. LOS OLMECAS 1900 ESQ. CERRO EL VIGIA 96535 N *CIUDAD OLMECA COATZACOALCOS COATZACOALCOS,6.97,8,58 de 80,37,29,3.9623446,0.725,0.7837838,6
20686640,Lizarraga,Maldonado,Julio,22,VERACRUZ Calle Salmon S/N Calzada Camino Real Y Calle De La Rienda 23090 S *ATARDECERES LA PAZ LA PAZ BAJA CALIFORNIA SUR,7.52,5,40 de 50,23,20,5.232514,0.8,0.8695652,6
8236045,Vega,Calvo,Ezra,23,AV. FORTUNA 375 ESQ. AV. FELICIDAD 45640 N *LA FORTUNA TLAJOMULCO DE ZUNIGA TLAJOMULCO DE ZUNIGA JALISCO,7.89,6,52 de 60,28,26,6.3518705,0.8666667,0.9285714,6
4690973,Ocampo,Caballero,Tania,19,BURTON E. GROSSMAN 211 FRANCISCO T. VILLARREAL Y ENRIQUE LUENGAS89605 N *LOMA BONITA ALTAMIRA ALTAMIRA TAMAULIPAS,7.6,2,16 de 20,10,8,4.864,0.8,0.8,6
22696341,Spencer,Crespo,Javier,25,AVENIDA ADOLFO LOPEZ MATEOS 506 JILOTITLAN Y JOCOTEPEC 67189 N *RESIDENCIAL COLIBRI GUADALUPE GUADALUPE (CIUDAD GUADALUPE) NUEVO LEON,7.73,8,58 de 80,37,29,4.392367,0.725,0.7837838,6
683917,Ackerman,Calvo,Rafael,27,TERESA PEÑAFIEL LOTE 4 MZA 6 Esq ADOLFO LOPEZ MATEOS 91090 N EMILIANO ZAPATA XALAPA XALAPA ENRIQUEZ VERACRUZ,7.75,10,82 de 100,48,41,5.4282293,0.82,0.8541667,6
35350828,Perez,Tesafaye,Tania,22,Boulevard Jesus Kumate Rodriguez 3006-1 Sur Boulevard Las Torres y La Costerita 80104 N *EJIDO LAS FLORES CULIACAN CULIACAN SINALOA,7.25,5,40 de 50,24,20,4.8333335,0.8,0.8333333,6
36840342,Sanchez,Alfa,Pablo,19,Calle Francisco Fisher} S/N Calle Cesar Mtz Ceseña Y Calle Fco Payen Sandoval 23427 S *VISTA HERMOSA LOS CABOS SAN JOSE DEL CABO BAJA CALIFORNIA SUR,6.9,2,20 de 20,10,10,6.9,1.0,1.0,6
19519142,Gomez,Arango,Javier,26,Av. Casa Blanca 401-A1 Palermo y Misión San Buenaventura 66478 N *MISION DE CASA BLANCA SAN NICOLAS DE LOS GARZA SAN NICOLAS DE LOS GARZA,7.6,9,74 de 90,42,37,5.5015244,0.82222223,0.88095236,6
7821040,Fernandez,Maldonado,Rafael,25,NUEVO LEON BENITO JUAREZ 511-A CARRETERA LAREDO 66054 N *HACIENDAS DEL CANADA GENERAL ESCOBEDO GENERAL ESCOBEDO NUEVO LEON,7.43,8,58 de 80,35,29,4.462449,0.725,0.82857144,6
2724280,Lopez,Lopez,Zoe,26,Av. 1 de Mayo 215 ESQUINA A COL. CUAUTITLA 73170 N *HUAHUCHINANGO CENTRO HUAUCHINANGO HUAUCHINANGO PUEBLA,7.71,9,72 de 90,41,36,5.4139204,0.8,0.8780488,6
26923177,Sanchez,Esteban,Mauricio,18,CIRCUITO SIGLO XXI 1025 BLVD. SIGLO XII ESQ. VICENTE VALTIERRA 37295 N *PARQUES DE SAN JUAN LEON LEON GUANAJUATO,7.2,1,8 de 10,5,4,4.608,0.8,0.8,6
36711960,Barquín,Arroyave,Arturo,22,11 349 LOC-1 22 Y 24 97305 N *COLONIA SANTA GERTRUDIS COPO MERIDA MERIDA YUCATAN,7.5,5,40 de 50,22,20,5.4545455,0.8,0.90909094,6
36873317,Cruz,Prieto,Arturo,22,AVENIDA 20 DE NOVIEMBRE 604 AVE BENITO JUAREZ Y AVE MIGUEL HIDALGO 79960 N *SAN MIGUEL TAMAZUNCHALE TAMAZUNCHALE SAN LUIS POTOSI,7.74,5,38 de 50,23,19,4.858828,0.76,0.82608694,6
15045954,Sanchez,Crespo,Andres,24,Blvd. Constitución S/N Dingler y Club Sertoma 27140 N *AMPLIACION LOS ANGELES TORREON TORREON COAHUILA,7.35,7,48 de 70,31,24,3.904504,0.6857143,0.7741935,6
16947373,Vega,Saenz,Arturo,27,CIUDAD MADERO 902 BLVD. ANTONIO QUIRAZCO Y OGARRIO 96980 N *CAMPO NUEVO LAS CHOAPAS LAS CHOAPAS VERACRUZ,7.22,10,76 de 100,50,38,4.170272,0.76,0.76,6
7310490,Garcia,Perez,Luis,24,TUXTLA 1391 ESQUINA TAPALPA 45608 N *PAISAJES DEL TESORO TLAQUEPAQUE TLAQUEPAQUE JALISCO,7.14,7,50 de 70,35,25,3.644315,0.71428573,0.71428573,6
3205655,Lizarraga,Esteban,Saul,19,Autopista Arco Norte Siete Mezquite Km. 78+000 Al Norte Direcciona Atlacomulco (lado izquierdo) siete mezquites 42803 N *ITURBE TULA DE ALLENDE TULA DE ALLENDE HIDALGO,8.5,2,20 de 20,10,10,8.5,1.0,1.0,6
39248538,Sanchez,Crespo,Rafael,23,CINCO CE MAYO 200 ESQ. JOSE VICENTE VILLADA 52140 N *SANTIAGUITO METEPEC METEPEC MEXICO,7.5,6,46 de 60,30,23,4.4083333,0.76666665,0.76666665,6
2038268,Fernandez,Llanos,Jose,19,VILLAGRAN 28 COAHUILA 67200 N *TAMAULIPAS GUADALUPE GUADALUPE (CIUDAD GUADALUPE) NUEVO LEON,7.86,2,12 de 20,7,6,4.040817,0.6,0.85714287,6
2500398,De la Merced,Montoya,Tania,22,HORNOS S/n TEPOSCOLULA 71233 N *NOCHE BUENA SANTA CRUZ XOXOCOTLAN SANTA CRUZ XOXOCOTLAN OAXACA CARRETERA A TIJUANA ,7.91,5,36 de 50,22,18,4.659174,0.72,0.8181818,6
30038518,Vega,Moreno,Angeles,24,A LA PAZ 101 VICENTE GUERRERO Y C REVOLUCION 22920 S *EMILIANO ZAPATA ENSENADA ENSENADA BAJA CALIFORNIA,7.3,7,52 de 70,30,26,4.6998096,0.74285716,0.8666667,6
21324881,Chaves,Llanos,Oscar,24,Rodolfo Diesel 103 Samuel Mose y Henry Ford 98057 N MECANICOS ZACATECAS ZACATECAS ZACATECAS,7.16,7,46 de 70,32,23,3.3800504,0.6571429,0.71875,6
25106409,Hernandez,Llanos,Thiago,23,42 438 ABC 53-E 97203N FRANCISCO DE MONTEJO MERIDA MERIDA YUCATAN ,7.54,6,48 de 60,28,24,5.167347,0.8,0.85714287,6
35038436,Rodriguez,Arango,Sebastian,18,PALAFOX 100 CALLE SIN NOMBRE Y CARTAMO 89519 N SIMON RIVERA CIUDAD MADERO CIUDAD MADERO,8.6,1,10 de 10,5,5,8.6,1.0,1.0,6
27169561,Barquín,Saenz,Paulina,19,TAMAULIPAS CUITLAHUAC S/N ESQ. ANTONIO PLAZA 92820 N AZTECA TUXPAM TUXPAN DE RODRIGUEZ CANO VERACRUZ,7.62,2,14 de 20,8,7,4.6703124,0.7,0.875,6
21865521,Fernandez,Ramirez,Javier,20,PROL. AV. MIGUEL ALEMAN S/N CARRETERAm 94250 N MATA LOMA MANLIO FABIO ALTAMIRANO MANLIO FABIO ALTAMIRANO VERACRUZ,7.69,3,24 de 30,13,12,5.6804733,0.8,0.9230769,6
25972188,Cruz,Moreno,Rafael,19,39 435 Loc-1 10 Y 16-B 97159 N MAYAPAN MERIDA MERIDA YUCATAN,8,2,18 de 20,10,9,6.4799995,0.9,0.9,6
12369149,Perez,Caballero,Luis,27,CARR. TAMPICO-POZA RICA S/N ESQ. TAMIAHUA 92370 N MANUEL AVILA CAMACHO NARANJOS AMATLÁN NARANJOS VERACRUZ,7.8,10,80 de 100,46,40,5.4291115,0.8,0.8695652,6
23191619,Barquín,Prieto,Ingrid,20,Castorena s/nCalle José González y Morelos 98770 N LUIS MOYA LUIS MOYA LUIS MOYA ZACATECAS,7.64,3,18 de 30,11,9,3.7487605,0.6,0.8181818,6
25936026,Hernandez,Codoño,Pablo,20,JOAQUIN HERRERA 53 DURANGO Y QUERETARO 63000 N *CENTRO TEPIC TEPIC NAYARIT,7.08,3,18 de 30,13,9,2.939645,0.6,0.6923077,6
24376124,Esquivel,Ibañez,Paola,20,CALLE CAMINO A EL DORADO Y ESQUINA CON CALLE TERCE 78-B CALLE CAMINO A EL DORADO Y ESQUINA CON CALLE TERCE 84623 S *EL DORADO CANANEA cANANEA SONORA,7.38,3,22 de 30,13,11,4.5822487,0.73333335,0.84615386,6
9439582,Sanchez,Esteban,Rafael,19,AV. GOLONDRINAS 349 HALCON Y KIWI 66614 N *PASEO SANTA ROSA 3ER SECTOR APODACA APODACA NUEVO LEON,6.88,2,10 de 20,8,5,2.1484375,0.5,0.625,6
30508771,Vega,Gallon,Julio,25,PASEO LAS HACIENDAS SN 0 66655 N *COLINAS DEL AEROPUERTO PESQUERIA PESQUERIA NUEVO LEON,7.36,8,64 de 80,36,32,5.234568,0.8,0.8888889,6
31810540,Zidan,Gallon,Paola,23,Jesus Gonzalez Gallo 5159-A Valle de las Heras 45601 N *LOS OLIVOS TLAQUEPAQUE TLAQUEPAQUE JALISCO,7.56,6,48 de 60,25,24,5.80608,0.8,0.96,6
21358487,Rodriguez,Arango,Ezra,25,Av. Villas de Guanajuato S/N Av. Villas de Guanajuato esq. cerrada Villa Leon 36250 N *VILLAS DE GUANAJUATO GUANAJUATO GUANAJUATO GUANAJUATO,7.33,8,60 de 80,39,30,4.2307696,0.75,0.7692308,6
12576495,Gomez,Caballero,Arturo,19,PROLONGACION MARIANO OTERO 2-A ESQ.BOULEVARD VALLE DEL SILICIO 45645 N *NUEVA GALICIA TLAJOMULCO DE ZUNIGA TLAJOMULCO DE ZUNIGA JALISCO,7.33,2,16 de 20,9,8,5.214815,0.8,0.8888889,6
16990408,Garcia,Montoya,Rafael,19,PASEO DE LA ESTANCIA 700 PRIVADA LA ESTANCIA GEO. FRACC. LA ESTANCIA APASEO EL GRANDE38180 N *LA ESTANCIA APASEO EL GRANDE APASEO EL GRANDE GUANAJUATO,8.22,2,18 de 20,9,9,7.4,0.9,1.0,6
27517501,Zidan,Codoño,Rafael,27,CARRET SAN JOSE A TODOS SANTOS KM 119 1212 NICOLAS TAMARAL 23473 S *LOS CANGREJOS LOS CABOS CABO SAN LUCAS BAJA CALIFORNIA SUR,7.37,10,76 de 100,46,38,4.6268053,0.76,0.82608694,6
28563650,Hernandez,Prieto,Andres,21,AVENIDA S 0 ALTAR Y QUINTA SUR 83663 S *EL VENTARRON CABORCA CABORCA SONORA,7.22,4,28 de 40,18,14,3.9320989,0.7,0.7777778,6
32489742,Ocampo,Maldonado,Rafael,19,Miguel Alemán s/n Esq. Oscar Torres Pancardo 93305 N *POZA DE CUERO POZA RICA DE HIDALGO POZA RICA DE HIDALGO VERACRUZ,7.78,2,14 de 20,9,7,4.2345676,0.7,0.7777778,6
37702998,Lizarraga,Gallon,Sebastian,23,Av. Zaragoza 168 av. 2 de abril y calle Alvaro Obregon 73080 N *XICOTEPEC DE JUAREZ CENTRO XICOTEPEC XICOTEPEC PUEBLA,7.32,6,44 de 60,28,22,4.2185373,0.73333335,0.78571427,6
22236786,Ruiz,Gallon,Sebastian,27,Manzana 003 Supermanzana 001 Reg. 69 8 Avenida Sur por Avenida de los Azulejos77710 S *CENTRO SOLIDARIDAD PLAYA DEL CARMEN QUINTANA ROO,7.37,10,76 de 100,49,38,4.3422236,0.76,0.7755102,6
2592907,Lizarraga,Alfa,Paulina,21,CALLE MELCHOR OCAMPO 361 ESQUINA AVENIDA ESTEBAN PIVACK 83553 S *NUEVO PEÑASCO PUERTO PEÑASCO PUERTO PEÑASCO SONORA,7.56,4,26 de 40,16,13,3.9939451,0.65,0.8125,6
6591633,Lizarraga,Montoya,Thiago,23,José María Parras 300 Gral. Fco. Leyva y Gral. F.Arce. 9100 N JUAN ESCUTIA IZTAPALAPA CIUDAD DE MEXICO CIUDAD DE MEXICO,7.6,6,50 de 60,30,25,5.277777,0.8333333,0.8333333,6
24083152,Lizarraga,Llanos,Saul,22,San Ignacio 704 Calzada la salle y san Ignacio 35113 N JERUSALEN GOMEZ PALACIO GOMEZ PALACIO DURANGO,7,5,36 de 50,23,18,3.944348,0.72,0.7826087,6
22928053,Silverio,Crespo,Ernesto,20,AV. CENTRAL 317 CALLE DURANGO Y CALLE GUANAJUATO 35025 N CHAPALA ORIENTE GOMEZ PALACIO GOMEZ PALACIO DURANGO,6.4,3,10 de 30,10,5,1.0666667,0.33333334,0.5,6
27130507,Chaves,Pastor,Jose,21,Av. Solidaridad y Canal 1000 Av. Solidaridad y Canal 33029 N OBRERADELICIAS CIUDAD DELICIAS CHIHUAHUA ,6.33,4,16 de 40,15,8,1.3511113,0.4,0.53333336,6
17749190,Fernandez,Llanos,Paulina,23,CARR. JUAREZ CASAS GRANDES 6120 CORDILLERA DE LOS ANDES Y CARR. JUAREZ CASAS GRANDc 32650 S LA CUESTA 1 JUAREZ CIUDAD JUAREZ CHIHUAHUA ,7.22,6,42 de 60,27,21,3.9320989,0.7,0.7777778,6
13815753,Silverio,Lopez,Luis,26,CAMBOYA SN NIGERIA Y MONGOLIA 32697 S OASIS JUAREZ CIUDAD JUAREZ CHIHUAHUA ,7.38,9,62 de 90,40,31,3.9374306,0.6888889,0.775,6
26471153,Perez,Caballero,Alvaro,24,LAUREANO RONCAL NA ESQ. ELORREAGA 34000 N DURANGO CENTRO DURANGO DURANGO DURANGO GABINO BARREDA SN ESQ. DOLORES DEL RIO 34000 N DURANGO CENTRO DURANGO DURANGO DURANGO,7.12,7,46 de 70,33,23,3.2615767,0.6571429,0.6969697,6
8731637,Esquivel,Llanos,Paulina,26,MARIANO BALLEZA 119 ESQ 5 DE FEBRERO 34070 N SILVESTRE DORADOR DURANGO DURANGO DURANGO,7.66,9,78 de 90,44,39,5.8835745,0.8666667,0.8863636,6
1436151,Zidan,Llanos,Ivan,20,Blvd. Las Torres esq Vasco de Quiroga s/n Nicolas Calvo y Vasco de Quiroga 37236 N PRESIDENTES DE MEXICO LEON LEON ,8.15,3,26 de 30,13,13,7.0666666,0.8666667,1.0,6
24282924,Zidan,Arango,Javier,18,Pro.Blvd. Adolfo Lopez Mateos Nte. S/N,6.6,1,8 de 10,5,4,4.2240005,0.8,0.8,7
1580545,Spencer,Esteban,Zoe,25,BLVD JOSE MA MORELOS Y HDA DE LOS CARCAMOS 37170 N TORRES DEL LAGO LEON LEON GUANAJUATO,7.42,8,64 de 80,38,32,4.999446,0.8,0.84210527,7
24137956,Silverio,Esteban,Luis,27,BLVD. TORRES LANDA OTE.c2701 MALINALCO 37520 N AZTECA LEON LEON GUANAJUATO ,7.33,10,76 de 100,45,38,4.7063704,0.76,0.84444445,7
10418612,Esquivel,Moreno,Ezra,21,MIRAVALLES 122 ESQUINA PROLONGACION LIBERTADc 34217cNcLA FORESTAL DURANGO DURANGO DURANGO,8.13,4,28 de 40,15,14,5.313778,0.7,0.93333334,7
24046704,Vega,Alfa,Oscar,18,VOLCAN DE JORULLO 101 JEREZ DE CARTAGENA Y SIERRA GORDA 37530 N CERRITO DE JEREZ LEON LEON GUANAJUATO,8.4,1,10 de 10,5,5,8.4,1.0,1.0,7
39853497,Gonzales,Tesafaye,Rosa,19,ACOALTO 103 BLVD. SAN PEDRO Y CORSA 37530 N JARDINES DE JEREZ 3RA SECC LEON LEON GUANAJUATO,6.9,2,16 de 20,10,8,4.416,0.8,0.8,7
36470894,Garcia,Lopez,Paulina,25,CONSTELACIONES DE SAN JUAN S/N COLUMBA Y PROL VICENTE VALTIERRA CAM DUARTE 37670 N DUARTE LEON LEON GUANAJUATO,7.4,8,62 de 80,40,31,4.444625,0.775,0.775,7
7123729,Sanchez,Pastor,Oscar,20,ORENSE 709 OVIEDO Y ASTURIAS 37330 N VISTA HERMOSA SUR LEON LEON GUANAJUATO,6.93,3,20 de 30,14,10,3.2993197,0.6666667,0.71428573,7
8330262,Ocampo,Gallon,Zoe,19,BLVD. EPSILON 835 BLVD. ATOTONILCO 37549 N DIEZ DE MAYO LEON LEON GUANAJUATO,7.5,2,10 de 20,6,5,3.125,0.5,0.8333333,7
37765534,Spencer,Calvo,Rafael,27,ALFREDO VALADEZ 105 ESQ MAR TIRRENO 37550 N EL GRANJENO LEON LEON GUANAJUATO,7.61,10,76 de 100,46,38,4.776937,0.76,0.82608694,7
2984021,Chaves,Esteban,Zoe,27,REPUBLICA DE COSTA RICA 307 COAHUILA Y TLAXCALA 37360 N BELLAVISTA LEON LEON GUANAJUATO,7.19,10,74 de 100,48,37,4.0998697,0.74,0.7708333,7
20213762,Esquivel,Maldonado,Zoe,27,Blvd Torres Landa 512 Independencia y Centenario 37390 N SAN MIGUEL LEON LEON GUANAJUATO,7.11,10,72 de 100,46,36,4.0055957,0.72,0.7826087,7
26785502,Garcia,Ramirez,Mauricio,22,SIERRA DE LOS AGUSTINOS 140 (esta aprte se borró XD) 37407 N LAS HILAMAS INFONAVIT LEON LEON GUANAJUATO,7.52,5,42 de 50,23,21,5.7688465,0.84,0.9130435,7
20998658,Silverio,Pastor,Jose,25, AV. TRASVIÑA Y RETES Y AV. ZARAGOZA S/N AV. TRASVIÑA Y RETES Y AV. ZARAGOZA 32880 N OJINAGA OJINAGA OJINAGA CHIHUAHUA,7.45,8,64 de 80,40,32,4.768,0.8,0.8,7
18119433,Ocampo,Prieto,Tania,24,Culiacan MZ 18-W . LT 1 Y Toluca y Zacatecas 54150 N VALLE CEYLAN TLALNEPANTLA TLALNEPANTLA DE BAZ MEXICO,7.62,7,56 de 70,34,28,5.0186853,0.8,0.8235294,7
1520890,Lopez,Ibañez,Mauricio,21,MIGUEL PONCE DE LEON 7 PONCE DE LEON Y BENITO JUAREZ 49900 N TECALITLAN TECALITLAN TECALITLAN JALISCO,7.78,4,28 de 40,18,14,4.2345676,0.7,0.7777778,7
4435001,Gonzales,Gallon,Ingrid,21,AV LOPEZ MATEOS 995 ESQUINA FLORENCIA 44658 N ITALIA GUADALAJARA GUADALAJARA JALISCO,7.47,4,30 de 40,19,15,4.425208,0.75,0.7894737,7
24761100,Chaves,Arango,Thiago,24,Carretera Santa Cecilia-Tenayuca LT1274C omasca y Aut. Mexico-Queretaro 54120 N SAN RAFAEL TLALNEPANTLA TLALNEPANTLA DE BAZ MEXICO,7.91,7,64 de 70,35,32,6.615697,0.9142857,0.9142857,7
5831717,Esquivel,Moreno,Alvaro,21,VIADUCTO TLALPAN 104 ESQ SAN JUAN DE DIOS 14370 N SAN LORENZO HUIPULCO TLALPAN CIUDAD DE MEXICO CIUDAD DE MEXICO,8,4,30 de 40,17,15,5.294118,0.75,0.88235295,7
21788739,Ruiz,Esteban,Julio,27,Av. Tlahuac 7260 Mar de la Tranquilidad y Monte de las Cordilleras. 13460 N EL TRIANGULO TLAHUAC CIUDAD DE MEXICO CIUDAD DE MEXICO,7.15,10,72 de 100,46,36,4.0300946,0.72,0.7826087,7
16650495,Ocampo,Saenz,Saul,24,Av. Octavio Senties 39 Bugambilia y Cda Magnolia 7183 N 6 DE JUNIO IZTAPALAPA CIUDAD DE MEXICO CIUDAD DE MEXICO,7.31,7,46 de 70,32,23,3.4538505,0.6571429,0.71875,7
30843903,Lopez,Llanos,Sebastian,22,Circuito interior S2 Manz 55 42 Eje Central Esq. Vicente Guerrero 39715 N RENACIMIENTO ACAPULCO DE JUAREZ ACAPULCO DE JUAREZ,7.68,5,42 de 50,25,21,5.4190073,0.84,0.84,7
12212441,Esquivel,Maldonado,Paulina,24,GUERRERO BOULEVARD VICENTE GUERRERO LOTE 23 JOSE MARTIN Y GERVASIO ARTIGAS 39770 N LAS CRUCES ACAPULCO DE JUAREZ ACAPULCO DE JUAREZ GUERRERO ,7.82,7,60 de 70,33,30,6.09209,0.85714287,0.90909094,7
25510230,Gomez,Ramirez,Pablo,26,AVENIDA MARIANO J. GARCIA 325 SAN ROQUE E HIDRA 36595 N LAS CARMELITAS IRAPUATO IRAPUATO GUANAJUATO,7.73,9,74 de 90,44,37,5.3427453,0.82222223,0.84090906,7
17881567,Japon,Ramirez,Ivan,21,AV. MIGUEL HIDALGO LOTE 7 MARIANO ABASOLO Y DILIGENCIAS 14700 N SAN MIGUEL AJUSCO TLALPANCIUDAD DE MEXICO CIUDAD DE MEXICO,7.65,4,28 de 40,20,14,3.7484999,0.7,0.7,7
38003567,Japon,Trasmiera,Oscar,21,FERROCARRIL DE CINTURA 6 ESQUINA MIGUEL NEGRETE 15100 N ZONA CENTRO VENUSTIANO CARRANZA CIUDAD DE MEXICO CIUDAD DE MEXICO ,7.58,4,32 de 40,19,16,5.1058173,0.8,0.84210527,7
28308972,Spencer,Perez,Tania,23,CANAL DEL NORTE 156 ESQUINA CON CALLE EL CATORCE 15220 N POPULAR RASTRO VENUSTIANO CARRANZA CIUDAD DE MEXICO CIUDAD DE MEXICO ,7.41,6,46 de 60,29,23,4.507927,0.76666665,0.79310346,7
6561432,De la Merced,Pastor,Ernesto,26,MANCHURIA 81 ESQUINA CIRCUITO INTERIOR 15430 N AQUILES SERDAN VENUSTIANO CARRANZA CIUDAD DE MEXICO CIUDAD DE MEXICO,7.3,9,74 de 90,44,37,5.0441804,0.82222223,0.84090906,7
10876750,Garcia,Orihuela,Jose,20,16 de septiembre 30 Zaragoza Norte y Guillermo Prieto 43909 N INDEPENDENCIA APAN APAN HIDALGO,6.73,3,18 de 30,11,9,3.3024793,0.6,0.8181818,7
148465,Gomez,Perrer,Paola,18,Av. Carlos Lazo 16 Raul Castellanos y Pipila 43977 N EL CALVARIO TEPEAPULCO TEPEAPULCO HIDALGO,6.6,1,6 de 10,5,3,2.3760002,0.6,0.6,7
32804985,Silverio,Caballero,Rosa,21,20 DE NOVIEMBRE 5-A INDEPENDENCIA-JUAN N ALVAREZ 40833 N ARROYO SECO PETATLAN PETATLAN GUERRERO,7.94,4,34 de 40,18,17,6.3776236,0.85,0.9444444,7
24884310,Chaves,Esteban,Luis,19,Tierra y Libertad 804 tilio Montaño y Hermanos Serdan 38030 N EMILIANO ZAPATA CELAYA CELAYA GUANAJUATO,7.75,2,16 de 20,8,8,6.2000003,0.8,1.0,7
20312289,Ruiz,Trasmiera,Paulina,18,Blvd. Del Minero 500 Guadalajara y Zacatecas 42030 N VENUSTIANO CARRANZA PACHUCA DE SOTO PACHUCA DE SOTO HIDALGO,5.6,1,4 de 10,5,2,0.896,0.4,0.4,7
33196968,Esquivel,Caballero,Julio,26,MANUEL J CLOUTHIER 1021 MANUEL DOBLADO 52179 N PILARES METEPEC METEPEC MEXICO,7.36,9,72 de 90,45,36,4.707556,0.8,0.8,7
25265894,Rodriguez,Tesafaye,Angeles,27,16 DE SEPTIEMBRE 37 ESQ. LOPEZ MATEOS Y ABASOLO 70117 N EL ESPINAL EL ESPINAL EL ESPINAL,7.34,10,84 de 100,50,42,5.179104,0.84,0.84,7
3658479,Silverio,Arango,Saul,24,OAXACA ZARAGOZA SN ALLENDE 66600 N APODACA CENTRO APODACA APODACA NUEVO LEON ,7.52,7,50 de 70,31,25,4.3295674,0.71428573,0.8064516,7
8406054,Lopez,Moreno,Oscar,20,AVENIDA JUAREZ S/N GUERRERO Y JUAN DE LA BARRERA 70980 NSANTA MARIA HUATULCO SANTA MARIA HUATULCO SANTA MARIA HUATULCO OAXACA,6.58,3,16 de 30,12,8,2.3407412,0.53333336,0.6666667,7
2653439,Barquín,Calvo,Ezra,23,JARDINES DE SAN ANDRES S/N JARDINES DE LOS GERANIOS Y JARDIN DE LOS FRAMBOYANES 66640 N SAN ANDRES APODACA APODACA NUEVO LEON,7.77,6,48 de 60,30,24,4.970667,0.8,0.8,7
3140392,Ocampo,Prieto,Julio,25,VALERIO GONZALEZ 234 GABRIELA MISTRAL 23400 S SAN JOSE DEL CABO CENTRO LOS CABOS SAN JOSE DEL CABO BAJA CALIFORNIA SUR,7.22,8,62 de 80,37,31,4.685664,0.775,0.8378378,7
7616209,Gomez,Beltran,Javier,22,Paseo del Portal y Paseo del Omedal s/n Paseo del Prtal y Paseo del Omedal 31650 N AQUILES SERDAN AQUILES SERDAN AQUILES SERDAN CHIHUAHUA,7.92,5,46 de 50,25,23,6.7034883,0.92,0.92,7
37690135,Cruz,Calvo,Thiago,21,AV. CONSTITUCION 903 AV. CONSTITUCION Y CALLE EMILIANO CARRANZA 31700 S NUEVO CASAS GRANDES CENTRO NUEVO CASAS GRANDES NUEVO CASAS GRANDES CHIHUAHUA ,7.39,4,32 de 40,18,16,5.254321,0.8,0.8888889,7
16492648,Ruiz,Pastor,Arturo,22,SAN CARLOS SN JOSE MORELOS Y RAMON RAYON 31820 S ASCENSION ASCENSION ASCENSION CHIHUAHUA ,7.28,5,36 de 50,25,18,3.7739525,0.72,0.72,7
20450953,Japon,Arroyave,Ivan,24,AVENIDA TLAXCALA S/N ESQUINA AVENIDA PUERTO RICO 29210 N TLAXCALA ,7.89,7,60 de 70,35,30,5.793586,0.85714287,0.85714287,7
1596242,Fernandez,Lopez,Luis,19,SAN CRISTOBAL DE LAS CASAS SAN CRISTOBAL DE LAS CASAS CHIAPAS BLVD. TEOFULO BORUNDA S/N PARQUE CENTRAL Y TEOFILO BORUNDA 32528 S PARTIDO IGLESIAS JUAREZ CIUDAD JUAREZ CHIHUAHUA,8.8,2,10 de 20,5,5,4.4,0.5,1.0,7
15278496,Garcia,Saenz,Rafael,22,BLVD. JUAN SABINES ESQ. FCO SARABIA S/N FCO SARABIAY AV. IGNACIO ALLENDE 29250 N SANTA LUCIA SAN CRISTOBAL DE LAS CASAS SAN CRISTOBAL DE LAS CASAS CHIAPAS,7.41,5,38 de 50,22,19,4.8630576,0.76,0.8636364,7
17093050,Japon,Alfa,Arturo,23,PERIFERICO PONIENTE 31 ESQUINA CALLE DE LA RAZA 29264 N FATIMA SAN CRISTOBAL DE LAS CASAS SAN CRISTOBAL DE LAS CASAS CHIAPAS,7.72,6,44 de 60,25,22,4.981973,0.73333335,0.88,7
18335829,Ackerman,Lopez,Raul,19,CARRETERA CHIHUAHUA-CD JUAREZ Y CARRETERA LA SOLEDAD S/N CARRETERA CHIHUAHUA-CD JUAREZ Y CARRETERA LA SOLEDAD 31627 N EL SACRAMENTO CHIHUAHUA CHIHUAHUA CHIHUAHUA,8.2,2,8 de 20,5,4,2.624,0.4,0.8,7
27064933,Garcia,Alfa,Ernesto,18,AV. JOSE DE RUIZ 504 PABLO SILVA Y SONORA 28984 N LOMA BONITA VILLA DE ALVAREZ VILLA DE ALVAREZ COLIMA,6.8,1,4 de 10,5,2,1.088,0.4,0.4,7
12687449,Vega,Trasmiera,Angeles,22,Degollado y calle Ferrocarril S/N Francisco Villa 33130 N FRANCISCO VILLA MEOQUI MEOQUI CHIHUAHUA,7.73,5,36 de 50,22,18,4.5520663,0.72,0.8181818,7
32970158,Sanchez,Calvo,Thiago,20,CARRETERA PARRAL-CHIHUAHUA S/N CARRETERA PARRAL-CHIHUAHUA 33836 N MIRADOR HIDALGO DEL PARRAL HIDALGO DEL PARRAL CHIHUAHUA ,6.55,3,16 de 30,11,8,2.5388432,0.53333336,0.72727275,7
12063222,Pilar,Lopez,Angeles,25,JJ CALVO ESQ AV PACHECO S/N JJ CALVO ESQ AV PACHECO 31060 N BARRIO DE LONDRES CHIHUAHUA CHIHUAHUA CHIHUAHUA ,7.47,8,66 de 80,36,33,5.6508684,0.825,0.9166667,7
32875643,Japon,Beltran,Javier,24,6A AV ORIENTE NORTE 130 AVENIDA 6A ORIENTE 30450 ARRIAGA ARRIAGA ARRIAGA CHIAPAS,8.16,7,56 de 70,32,28,5.709375,0.8,0.875,7
21337358,Spencer,Prieto,Paulina,26,17 Poniente s/n esq. 8va. Avenida Norte 30700 S TAPACHULA CENTRO TAPACHULA TAPACHULA CHIAPAS,7.68,9,72 de 90,40,36,5.526,0.8,0.9,7
14892914,Ruiz,Prieto,Rafael,22,CALLE INDEPENDENCIA 1 A 5 METROS DE L MERCADO 30500 N TONALA TONALA TONALA CHIAPAS,7.14,5,36 de 50,22,18,4.203967,0.72,0.8181818,7
8719180,Gomez,Perrer,Javier,24,CEYLAN 438n Esq. Boulevard de los Ferrocarriles 2660 N EUZKADI AZCAPOTZALCO CIUDAD DE MEXICO CIUDAD DE MEXICO,7.3,7,56 de 70,33,28,4.9572086,0.8,0.8484849,7
27771879,Fernandez,Crespo,Thiago,27,MANUEL GUTIERREZ ZAMORA 215 LOC. 1 Y 2 MEDANOS Y CALZADA DE LAS AGUILAS 1759 N LAS AGUILAS ALVARO OBREGON CIUDAD DE MEXICO CIUDAD DE MEXICO,7.13,10,62 de 100,45,31,3.0467257,0.62,0.6888889,8
28115332,Zidan,Perrer,Ezra,20,JAZMIN MZ5. LT1 CALLE DALIAS Y CALLE MARGARITAS 1840 N TORRES DE POTRERO ALVARO OBREGON CIUDAD DE MEXICO CIUDAD DE MEXICO,7.13,3,24 de 30,15,12,4.5653334,0.8,0.8,8
37608078,Zidan,Orihuela,Zoe,18,FRANCISCO VILLARREAL S/N Ejercito Nacional y Fco Villarreal 32543 S DEL SOLAR JUAREZ CIUDAD JUAREZ CHIHUAHUA,7.2,1,8 de 10,5,4,4.608,0.8,0.8,8
3872010,Vega,Pastor,Ingrid,22,AV. DE LAS GRANJAS 605 Privada de San Jose y Cerrada de almacenes 2519 N EL JAGUEY AZCAPOTZALCO CIUDAD DE MEXICO CIUDAD DE MEXICO,6.71,5,28 de 50,21,14,2.5066667,0.56,0.6666667,8
39709074,De la Merced,Maldonado,Oscar,27,CALZ HEROICO COLEGIO MILITAR 1099 ESQUINA CON AV. DECISION 21297 S SAN FERNANDO MEXICALI MEXICALI BAJA CALIFORNIA,7.48,10,70 de 100,46,35,3.9829867,0.7,0.76086956,8
14183886,Barquín,Moreno,Rafael,23,AV. TLAHUAC 4746 LOCAL 36 ESQUINA CALLE 11 9880 N GRANJAS ESTRELLA IZTAPALAPA CIUDAD DE MEXICO CIUDAD DE MEXICO,7.19,6,48 de 60,26,24,5.3112426,0.8,0.9230769,8
6853523,Rodriguez,Saenz,Ezra,21,CARR DURANGO MAZATLAN NA CASETA COSCOMATE A 34946 N SAN FRANCISCO PUEBLO NUEVO EL SALTO DURANGO ,7.59,4,30 de 40,17,15,5.0216265,0.75,0.88235295,8
34991528,Vega,Alfa,Oscar,20,BAILLEREZ 46 GRANADOS E INDUSTRIA 36100 N SILAO CENTRO SILAO SILAO GUANAJUATO,7.64,3,20 de 30,11,10,4.6280994,0.6666667,0.90909094,8
2856970,Lopez,Ibañez,Luis,20,AV. MAZA DE JUAREZ 168 100 METROS Y VALLEJO 7700 N NUEVA INDUSTRIAL VALLEJO GUSTAVO A MADERO CIUDAD DE MEXICO CIUDAD DE MEXICO,7.82,3,20 de 30,11,10,4.7382927,0.6666667,0.90909094,8
23357859,Chaves,Crespo,Sebastian,24,Av. Insurgentes 1010 Esq. Clave 7790 N VALLEJO PONIENTE GUSTAVO A MADERO CIUDAD DE MEXICO CIUDAD DE MEXICO,7.29,7,56 de 70,34,28,4.8055363,0.8,0.8235294,8
32327805,Sanchez,Arango,Saul,22,CALZADA DE LOS MISTERIOS 561 ESQ. AV. VICTORIA 7800 N INDUSTRIAL GUSTAVO A MADERO CIUDAD DE MEXICO CIUDAD DE MEXICO,7.57,5,34 de 50,21,17,4.1678915,0.68,0.8095238,8
28858348,Garcia,Pastor,Paola,27,ALVARO OBREGON 1385 AV. MEXICO Y PINO 10800 N LA CRUZ LA MAGDALENA CONTRERAS CIUDAD DE MEXICO CIUDAD DE MEXICO ,7.53,10,76 de 100,47,38,4.6281214,0.76,0.80851066,8
14444172,Japon,Crespo,Tania,22,TERAN 54 RAMON CORONA Y TERAN 36500 N IRAPUATO CENTRO IRAPUATO IRAPUATO GUANAJUATO,8.25,5,46 de 50,24,23,7.2737503,0.92,0.9583333,8
14583910,Esquivel,Prieto,Thiago,19,HAMBURGO 149 ESQ. ESTOCOLMO 149 ESQ. ESTOCOLMO 6600 N JUAREZ CUAUHTEMOC CIUDAD DE MEXICO CIUDAD DE MEXICO,7.57,2,12 de 20,7,6,3.8938777,0.6,0.85714287,9
7440948,Spencer,Pastor,Angeles,18,FLORENCIA No. 22 22 ESQ. HAMBURGO 6600 N JUAREZ CUAUHTEMOC CIUDAD DE MEXICO CIUDAD DE MEXICO,6.4,1,4 de 10,5,2,1.024,0.4,0.4,9
29794239,Martí=inez,Arroyave,Ernesto,20,Calz. Mexico Tacuba 965 Esq. Privada Mexico Tacuab 11290 N HUICHAPAN MIGUEL HIDALGO CIUDAD DE MEXICO CIUDAD DE MEXICO,7,3,18 de 30,11,9,3.4363637,0.6,0.8181818,9
28991933,Vega,Esteban,Paola,25,ANGEL ALBINO CORZO 2908 58-A Y 58 7860 N TABLAS DE SAN AGUSTIN GUSTAVO A MADERO CIUDAD DE MEXICO CIUDAD DE MEXICO ,7.68,8,68 de 80,40,34,5.545188,0.85,0.85,9
9640548,Rodriguez,Maldonado,Mauricio,21,CALZADA ERMITA IZTAPALAPA 1418 HIDALGO Y ERMITA 9000 N SAN PABLO IZTAPALAPA CIUDAD DE MEXICO CIUDAD DE MEXICO,7.85,4,36 de 40,20,18,6.3584995,0.9,0.9,9
40042996,Japon,Codoño,Andres,27,Blvd. Hermenegildo Bustos 5302 Plomo de Echeveste y Metales de Echeveste 37100 N HACIENDA ECHEVESTE LEON LEON GUANAJUATO,7.86,10,88 de 100,49,44,6.2087464,0.88,0.8979592,9
20428022,Rodriguez,Crespo,Javier,19,PASEO DE LA PRESA 406 Y 408 PRESA DE LA SOLEDAD Y PRESA DE GUADALUPE 37100 N RIVERA DE LA PRESA LEON LEON GUANAJUATO,7.5,2,16 de 20,10,8,4.8,0.8,0.8,9
23883386,Perez,Ramirez,Pablo,25,BLVD AUTOTRANSPORTISTAS 810 LIBRAMIENTO NORTE Y BLVD RINCONADA DEL BOSQUE 37100 N VILLAS DE ECHEVESTE LEON LEON GUANAJUATO,7.28,8,56 de 80,36,28,3.9623456,0.7,0.7777778,9
21760419,Sanchez,Montoya,Angeles,26,FRANCISCO DE IBARRA 1610 ESQ. JOSE DEL CAMPO 34080 N NUEVA VIZCAYA DURANGO DURANGO DURANGO,7.4,9,78 de 90,45,39,5.5582223,0.8666667,0.8666667,9
34559848,Garcia,Maldonado,Rosa,26,RIO SAN PEDRO SN ESQ. CON AV. BENITO JUAREZ 34120 N BENITO JUAREZ DURANGO DURANGO DURANGO,7.38,9,66 de 90,42,33,4.252835,0.73333335,0.78571427,9
25894390,Perez,Lopez,Raul,18,BLVD. ZODIACO 302 ANDROMEDA Y MARISOL 37440 N LOMAS DE LA PISCINAn LEON LEON GUANAJUATO,8.6,1,10 de 10,5,5,8.6,1.0,1.0,9
26759055,Gomez,Arroyave,Rafael,25,HOROSCOPO 402 OBRERO MUNDIAL Y ANDADOR HOROSCOPO 37444 N SANTA RITA DE LOS NARANJOS LEON LEON GUANAJUATO,6.62,8,58 de 80,40,29,3.482266,0.725,0.725,10
